Country,CountryCode,Year,EUI_VA,EUI_Govt
Angola,AGO,2015,#N/A,#N/A
Angola,AGO,2014,0.23,0.19
Angola,AGO,2013,0.28,0.18
Angola,AGO,2012,#N/A,#N/A
Angola,AGO,2011,0.32,0.13
Angola,AGO,2010,0.39,0.15
Angola,AGO,2009,#N/A,#N/A
Angola,AGO,2008,#N/A,#N/A
Angola,AGO,2007,#N/A,#N/A
Angola,AGO,2006,0.37,0.16
Angola,AGO,2005,#N/A,#N/A
Angola,AGO,2004,0.30,0.09
Angola,AGO,2003,0.25,0.11
Angola,AGO,2002,#N/A,#N/A
Angola,AGO,2002,#N/A,#N/A
Angola,AGO,1998,,#N/A
Angola,AGO,1996,,#N/A
Albania,ALB,2015,0.58,0.61
Albania,ALB,2014,0.47,0.51
Albania,ALB,2013,0.36,0.48
Albania,ALB,2012,0.43,0.52
Albania,ALB,2011,0.51,0.61
Albania,ALB,2010,0.52,0.55
Albania,ALB,2009,0.51,0.50
Albania,ALB,2008,0.40,0.31
Albania,ALB,2007,0.40,0.29
Albania,ALB,2006,0.42,0.25
Albania,ALB,2005,0.41,0.25
Albania,ALB,2004,#N/A,#N/A
Albania,ALB,2003,#N/A,#N/A
Albania,ALB,2002,#N/A,#N/A
Albania,ALB,2002,#N/A,#N/A
Albania,ALB,1998,,#N/A
Albania,ALB,1996,,#N/A
United Arab Emirates,ARE,2015,0.75,0.84
United Arab Emirates,ARE,2014,0.72,0.84
United Arab Emirates,ARE,2013,0.74,0.85
United Arab Emirates,ARE,2012,0.69,0.83
United Arab Emirates,ARE,2011,0.69,0.80
United Arab Emirates,ARE,2010,0.56,0.70
United Arab Emirates,ARE,2009,0.70,0.80
United Arab Emirates,ARE,2008,0.62,0.72
United Arab Emirates,ARE,2007,0.62,0.67
United Arab Emirates,ARE,2006,0.59,0.65
United Arab Emirates,ARE,2005,0.44,0.67
United Arab Emirates,ARE,2004,0.54,0.67
United Arab Emirates,ARE,2003,#N/A,#N/A
United Arab Emirates,ARE,2002,0.61,0.69
United Arab Emirates,ARE,2002,#N/A,#N/A
United Arab Emirates,ARE,1998,,#N/A
United Arab Emirates,ARE,1996,,#N/A
Argentina,ARG,2015,0.29,0.37
Argentina,ARG,2014,0.26,0.33
Argentina,ARG,2013,0.24,0.38
Argentina,ARG,2012,0.27,0.37
Argentina,ARG,2011,0.29,0.39
Argentina,ARG,2010,0.29,0.37
Argentina,ARG,2009,0.33,0.38
Argentina,ARG,2008,0.27,0.31
Argentina,ARG,2007,0.26,0.32
Argentina,ARG,2006,0.31,0.34
Argentina,ARG,2005,0.32,0.40
Argentina,ARG,2004,0.30,0.37
Argentina,ARG,2003,0.28,0.42
Argentina,ARG,2002,0.29,0.39
Argentina,ARG,2002,0.33,0.41
Argentina,ARG,1998,,0.41
Argentina,ARG,1996,,0.43
Armenia,ARM,2015,0.47,0.52
Armenia,ARM,2014,0.46,0.51
Armenia,ARM,2013,0.48,0.52
Armenia,ARM,2012,0.49,0.51
Armenia,ARM,2011,0.45,0.46
Armenia,ARM,2010,0.40,0.41
Armenia,ARM,2009,0.42,0.47
Armenia,ARM,2008,0.36,0.34
Armenia,ARM,2007,0.34,0.33
Armenia,ARM,2006,0.40,0.31
Armenia,ARM,2005,0.33,0.36
Armenia,ARM,2004,#N/A,#N/A
Armenia,ARM,2003,#N/A,#N/A
Armenia,ARM,2002,#N/A,#N/A
Armenia,ARM,2002,#N/A,#N/A
Armenia,ARM,1998,,#N/A
Armenia,ARM,1996,,#N/A
Australia,AUS,2015,0.68,0.68
Australia,AUS,2014,0.66,0.70
Australia,AUS,2013,0.59,0.66
Australia,AUS,2012,0.68,0.72
Australia,AUS,2011,0.69,0.72
Australia,AUS,2010,0.74,0.75
Australia,AUS,2009,0.71,0.68
Australia,AUS,2008,0.74,0.69
Australia,AUS,2007,0.76,0.75
Australia,AUS,2006,0.77,0.71
Australia,AUS,2005,0.72,0.77
Australia,AUS,2004,0.73,0.81
Australia,AUS,2003,0.80,0.84
Australia,AUS,2002,0.74,0.84
Australia,AUS,2002,0.67,0.79
Australia,AUS,1998,,0.71
Australia,AUS,1996,,0.67
Austria,AUT,2015,0.64,0.73
Austria,AUT,2014,0.62,0.76
Austria,AUT,2013,0.64,0.76
Austria,AUT,2012,0.63,0.75
Austria,AUT,2011,0.64,0.73
Austria,AUT,2010,0.66,0.78
Austria,AUT,2009,0.68,0.78
Austria,AUT,2008,0.65,0.83
Austria,AUT,2007,0.73,0.80
Austria,AUT,2006,0.71,0.80
Austria,AUT,2005,0.64,0.81
Austria,AUT,2004,0.62,0.83
Austria,AUT,2003,0.59,0.84
Austria,AUT,2002,0.70,0.89
Austria,AUT,2002,0.57,0.93
Austria,AUT,1998,,0.78
Austria,AUT,1996,,0.75
Azerbaijan,AZE,2015,0.57,0.56
Azerbaijan,AZE,2014,0.44,0.49
Azerbaijan,AZE,2013,0.46,0.48
Azerbaijan,AZE,2012,0.50,0.45
Azerbaijan,AZE,2011,0.53,0.45
Azerbaijan,AZE,2010,0.41,0.38
Azerbaijan,AZE,2009,0.51,0.47
Azerbaijan,AZE,2008,0.45,0.38
Azerbaijan,AZE,2007,0.43,0.38
Azerbaijan,AZE,2006,0.43,0.36
Azerbaijan,AZE,2005,0.42,0.36
Azerbaijan,AZE,2004,#N/A,#N/A
Azerbaijan,AZE,2003,#N/A,#N/A
Azerbaijan,AZE,2002,#N/A,#N/A
Azerbaijan,AZE,2002,#N/A,#N/A
Azerbaijan,AZE,1998,,#N/A
Azerbaijan,AZE,1996,,#N/A
Burundi,BDI,2015,0.34,0.35
Burundi,BDI,2014,0.31,0.26
Burundi,BDI,2013,0.27,0.26
Burundi,BDI,2012,0.33,0.17
Burundi,BDI,2011,0.32,0.24
Burundi,BDI,2010,0.41,0.24
Burundi,BDI,2009,0.31,0.33
Burundi,BDI,2008,0.31,0.23
Burundi,BDI,2007,0.39,0.21
Burundi,BDI,2006,0.41,0.21
Burundi,BDI,2005,#N/A,#N/A
Burundi,BDI,2004,#N/A,#N/A
Burundi,BDI,2003,#N/A,#N/A
Burundi,BDI,2002,#N/A,#N/A
Burundi,BDI,2002,#N/A,#N/A
Burundi,BDI,1998,,#N/A
Burundi,BDI,1996,,#N/A
Belgium,BEL,2015,0.67,0.78
Belgium,BEL,2014,0.61,0.83
Belgium,BEL,2013,0.61,0.83
Belgium,BEL,2012,0.62,0.85
Belgium,BEL,2011,0.61,0.86
Belgium,BEL,2010,0.61,0.85
Belgium,BEL,2009,0.57,0.84
Belgium,BEL,2008,0.60,0.84
Belgium,BEL,2007,0.61,0.83
Belgium,BEL,2006,0.60,0.83
Belgium,BEL,2005,0.58,0.82
Belgium,BEL,2004,0.58,0.88
Belgium,BEL,2003,0.59,0.82
Belgium,BEL,2002,0.62,0.88
Belgium,BEL,2002,0.57,0.87
Belgium,BEL,1998,,0.76
Belgium,BEL,1996,,0.69
Benin,BEN,2015,0.43,0.27
Benin,BEN,2014,#N/A,#N/A
Benin,BEN,2013,0.40,0.32
Benin,BEN,2012,0.51,0.38
Benin,BEN,2011,0.45,0.41
Benin,BEN,2010,0.44,0.38
Benin,BEN,2009,0.54,0.38
Benin,BEN,2008,0.50,0.36
Benin,BEN,2007,0.54,0.33
Benin,BEN,2006,0.52,0.28
Benin,BEN,2005,0.42,0.24
Benin,BEN,2004,#N/A,#N/A
Benin,BEN,2003,#N/A,#N/A
Benin,BEN,2002,#N/A,#N/A
Benin,BEN,2002,#N/A,#N/A
Benin,BEN,1998,,#N/A
Benin,BEN,1996,,#N/A
Burkina Faso,BFA,2015,#N/A,#N/A
Burkina Faso,BFA,2014,0.42,0.31
Burkina Faso,BFA,2013,0.36,0.27
Burkina Faso,BFA,2012,0.45,0.32
Burkina Faso,BFA,2011,0.47,0.31
Burkina Faso,BFA,2010,0.43,0.32
Burkina Faso,BFA,2009,0.50,0.30
Burkina Faso,BFA,2008,0.56,0.34
Burkina Faso,BFA,2007,0.51,0.27
Burkina Faso,BFA,2006,0.54,0.27
Burkina Faso,BFA,2005,#N/A,#N/A
Burkina Faso,BFA,2004,#N/A,#N/A
Burkina Faso,BFA,2003,#N/A,#N/A
Burkina Faso,BFA,2002,#N/A,#N/A
Burkina Faso,BFA,2002,#N/A,#N/A
Burkina Faso,BFA,1998,,#N/A
Burkina Faso,BFA,1996,,#N/A
Bangladesh,BGD,2015,0.34,0.32
Bangladesh,BGD,2014,0.37,0.32
Bangladesh,BGD,2013,0.40,0.32
Bangladesh,BGD,2012,0.44,0.30
Bangladesh,BGD,2011,0.43,0.30
Bangladesh,BGD,2010,0.46,0.29
Bangladesh,BGD,2009,0.47,0.26
Bangladesh,BGD,2008,0.40,0.21
Bangladesh,BGD,2007,0.41,0.26
Bangladesh,BGD,2006,0.42,0.20
Bangladesh,BGD,2005,0.37,0.24
Bangladesh,BGD,2004,0.36,0.20
Bangladesh,BGD,2003,0.35,0.16
Bangladesh,BGD,2002,0.36,0.20
Bangladesh,BGD,2002,0.18,0.15
Bangladesh,BGD,1998,,#N/A
Bangladesh,BGD,1996,,#N/A
Bulgaria,BGR,2015,0.37,0.49
Bulgaria,BGR,2014,0.29,0.50
Bulgaria,BGR,2013,0.34,0.50
Bulgaria,BGR,2012,0.38,0.45
Bulgaria,BGR,2011,0.36,0.38
Bulgaria,BGR,2010,0.38,0.37
Bulgaria,BGR,2009,0.37,0.40
Bulgaria,BGR,2008,0.38,0.29
Bulgaria,BGR,2007,0.39,0.37
Bulgaria,BGR,2006,0.37,0.36
Bulgaria,BGR,2005,0.37,0.41
Bulgaria,BGR,2004,0.34,0.41
Bulgaria,BGR,2003,0.33,0.43
Bulgaria,BGR,2002,0.35,0.43
Bulgaria,BGR,2002,0.30,0.47
Bulgaria,BGR,1998,,#N/A
Bulgaria,BGR,1996,,#N/A
Bahrain,BHR,2015,0.63,0.66
Bahrain,BHR,2014,0.54,0.67
Bahrain,BHR,2013,0.54,0.67
Bahrain,BHR,2012,0.51,0.63
Bahrain,BHR,2011,0.65,0.73
Bahrain,BHR,2010,0.58,0.65
Bahrain,BHR,2009,0.53,0.61
Bahrain,BHR,2008,0.54,0.56
Bahrain,BHR,2007,0.56,0.57
Bahrain,BHR,2006,0.47,0.50
Bahrain,BHR,2005,0.39,0.49
Bahrain,BHR,2004,0.50,0.62
Bahrain,BHR,2003,#N/A,#N/A
Bahrain,BHR,2002,0.49,0.67
Bahrain,BHR,2002,#N/A,#N/A
Bahrain,BHR,1998,,#N/A
Bahrain,BHR,1996,,#N/A
Bosnia and Herzegovina,BIH,2015,0.34,0.40
Bosnia and Herzegovina,BIH,2014,#N/A,#N/A
Bosnia and Herzegovina,BIH,2013,0.43,0.60
Bosnia and Herzegovina,BIH,2012,0.54,0.55
Bosnia and Herzegovina,BIH,2011,..,..
Bosnia and Herzegovina,BIH,2010,0.37,0.39
Bosnia and Herzegovina,BIH,2009,0.33,0.35
Bosnia and Herzegovina,BIH,2008,0.31,0.33
Bosnia and Herzegovina,BIH,2007,0.34,0.26
Bosnia and Herzegovina,BIH,2006,0.39,0.32
Bosnia and Herzegovina,BIH,2005,0.35,0.28
Bosnia and Herzegovina,BIH,2004,0.33,0.28
Bosnia and Herzegovina,BIH,2003,#N/A,#N/A
Bosnia and Herzegovina,BIH,2002,#N/A,#N/A
Bosnia and Herzegovina,BIH,2002,#N/A,#N/A
Bosnia and Herzegovina,BIH,1998,,#N/A
Bosnia and Herzegovina,BIH,1996,,#N/A
Belize,BLZ,2015,#N/A,#N/A
Belize,BLZ,2014,#N/A,#N/A
Belize,BLZ,2013,#N/A,#N/A
Belize,BLZ,2012,#N/A,#N/A
Belize,BLZ,2011,0.41,0.45
Belize,BLZ,2010,#N/A,#N/A
Belize,BLZ,2009,#N/A,#N/A
Belize,BLZ,2008,#N/A,#N/A
Belize,BLZ,2007,#N/A,#N/A
Belize,BLZ,2006,#N/A,#N/A
Belize,BLZ,2005,#N/A,#N/A
Belize,BLZ,2004,#N/A,#N/A
Belize,BLZ,2003,#N/A,#N/A
Belize,BLZ,2002,#N/A,#N/A
Belize,BLZ,2002,#N/A,#N/A
Belize,BLZ,1998,,#N/A
Belize,BLZ,1996,,#N/A
Bolivia,BOL,2015,0.34,0.33
Bolivia,BOL,2014,0.46,0.36
Bolivia,BOL,2013,0.42,0.41
Bolivia,BOL,2012,0.43,0.41
Bolivia,BOL,2011,0.39,0.40
Bolivia,BOL,2010,0.33,0.34
Bolivia,BOL,2009,0.29,0.32
Bolivia,BOL,2008,0.25,0.16
Bolivia,BOL,2007,0.35,0.21
Bolivia,BOL,2006,0.38,0.17
Bolivia,BOL,2005,0.39,0.18
Bolivia,BOL,2004,0.34,0.17
Bolivia,BOL,2003,0.34,0.13
Bolivia,BOL,2002,0.34,0.14
Bolivia,BOL,2002,0.15,0.12
Bolivia,BOL,1998,,#N/A
Bolivia,BOL,1996,,#N/A
Brazil,BRA,2015,0.36,0.27
Brazil,BRA,2014,0.40,0.29
Brazil,BRA,2013,0.42,0.31
Brazil,BRA,2012,0.50,0.31
Brazil,BRA,2011,0.49,0.32
Brazil,BRA,2010,0.50,0.36
Brazil,BRA,2009,0.45,0.35
Brazil,BRA,2008,0.48,0.28
Brazil,BRA,2007,0.42,0.25
Brazil,BRA,2006,0.44,0.24
Brazil,BRA,2005,0.45,0.25
Brazil,BRA,2004,0.52,0.34
Brazil,BRA,2003,0.54,0.34
Brazil,BRA,2002,0.51,0.39
Brazil,BRA,2002,0.33,0.38
Brazil,BRA,1998,,0.27
Brazil,BRA,1996,,0.31
Barbados,BRB,2015,#N/A,#N/A
Barbados,BRB,2014,0.56,0.79
Barbados,BRB,2013,0.60,0.77
Barbados,BRB,2012,0.63,0.83
Barbados,BRB,2011,0.70,0.82
Barbados,BRB,2010,0.67,0.78
Barbados,BRB,2009,0.67,0.81
Barbados,BRB,2008,0.71,0.79
Barbados,BRB,2007,0.67,0.68
Barbados,BRB,2006,0.67,0.73
Barbados,BRB,2005,#N/A,#N/A
Barbados,BRB,2004,#N/A,#N/A
Barbados,BRB,2003,#N/A,#N/A
Barbados,BRB,2002,#N/A,#N/A
Barbados,BRB,2002,#N/A,#N/A
Barbados,BRB,1998,,#N/A
Barbados,BRB,1996,,#N/A
Brunei Darussalam,BRN,2015,#N/A,#N/A
Brunei Darussalam,BRN,2014,#N/A,#N/A
Brunei Darussalam,BRN,2013,0.60,0.72
Brunei Darussalam,BRN,2012,0.55,0.68
Brunei Darussalam,BRN,2011,0.56,0.67
Brunei Darussalam,BRN,2010,0.52,0.67
Brunei Darussalam,BRN,2009,0.54,0.70
Brunei Darussalam,BRN,2008,0.51,0.61
Brunei Darussalam,BRN,2007,#N/A,#N/A
Brunei Darussalam,BRN,2006,#N/A,#N/A
Brunei Darussalam,BRN,2005,#N/A,#N/A
Brunei Darussalam,BRN,2004,#N/A,#N/A
Brunei Darussalam,BRN,2003,#N/A,#N/A
Brunei Darussalam,BRN,2002,#N/A,#N/A
Brunei Darussalam,BRN,2002,#N/A,#N/A
Brunei Darussalam,BRN,1998,,#N/A
Brunei Darussalam,BRN,1996,,#N/A
Bhutan,BTN,2015,0.55,0.52
Bhutan,BTN,2014,0.52,0.53
Bhutan,BTN,2013,0.52,0.61
Bhutan,BTN,2012,#N/A,#N/A
Bhutan,BTN,2011,#N/A,#N/A
Bhutan,BTN,2010,#N/A,#N/A
Bhutan,BTN,2009,#N/A,#N/A
Bhutan,BTN,2008,#N/A,#N/A
Bhutan,BTN,2007,#N/A,#N/A
Bhutan,BTN,2006,#N/A,#N/A
Bhutan,BTN,2005,#N/A,#N/A
Bhutan,BTN,2004,#N/A,#N/A
Bhutan,BTN,2003,#N/A,#N/A
Bhutan,BTN,2002,#N/A,#N/A
Bhutan,BTN,2002,#N/A,#N/A
Bhutan,BTN,1998,,#N/A
Bhutan,BTN,1996,,#N/A
Botswana,BWA,2015,0.57,0.48
Botswana,BWA,2014,0.52,0.44
Botswana,BWA,2013,0.57,0.50
Botswana,BWA,2012,0.61,0.56
Botswana,BWA,2011,0.64,0.55
Botswana,BWA,2010,0.61,0.55
Botswana,BWA,2009,0.60,0.55
Botswana,BWA,2008,0.64,0.51
Botswana,BWA,2007,0.60,0.55
Botswana,BWA,2006,0.58,0.49
Botswana,BWA,2005,0.57,0.53
Botswana,BWA,2004,0.58,0.54
Botswana,BWA,2003,0.64,0.57
Botswana,BWA,2002,0.58,0.56
Botswana,BWA,2002,#N/A,#N/A
Botswana,BWA,1998,,#N/A
Botswana,BWA,1996,,#N/A
Canada,CAN,2015,0.70,0.72
Canada,CAN,2014,0.75,0.77
Canada,CAN,2013,0.68,0.76
Canada,CAN,2012,0.73,0.80
Canada,CAN,2011,0.72,0.78
Canada,CAN,2010,0.72,0.80
Canada,CAN,2009,0.74,0.79
Canada,CAN,2008,0.74,0.81
Canada,CAN,2007,0.71,0.80
Canada,CAN,2006,0.70,0.78
Canada,CAN,2005,0.64,0.82
Canada,CAN,2004,0.63,0.81
Canada,CAN,2003,0.62,0.84
Canada,CAN,2002,0.69,0.86
Canada,CAN,2002,0.50,0.86
Canada,CAN,1998,,0.73
Canada,CAN,1996,,0.74
Switzerland,CHE,2015,0.80,0.87
Switzerland,CHE,2014,0.75,0.89
Switzerland,CHE,2013,0.75,0.87
Switzerland,CHE,2012,0.77,0.90
Switzerland,CHE,2011,0.76,0.88
Switzerland,CHE,2010,0.76,0.88
Switzerland,CHE,2009,0.75,0.87
Switzerland,CHE,2008,0.76,0.90
Switzerland,CHE,2007,0.78,0.88
Switzerland,CHE,2006,0.79,0.89
Switzerland,CHE,2005,0.69,0.87
Switzerland,CHE,2004,0.69,0.90
Switzerland,CHE,2003,0.72,0.91
Switzerland,CHE,2002,0.69,0.92
Switzerland,CHE,2002,0.58,0.97
Switzerland,CHE,1998,,0.85
Switzerland,CHE,1996,,0.84
Chile,CHL,2015,0.58,0.45
Chile,CHL,2014,0.62,0.49
Chile,CHL,2013,0.62,0.52
Chile,CHL,2012,0.64,0.51
Chile,CHL,2011,0.68,0.51
Chile,CHL,2010,0.69,0.52
Chile,CHL,2009,0.64,0.53
Chile,CHL,2008,0.59,0.48
Chile,CHL,2007,0.61,0.54
Chile,CHL,2006,0.66,0.46
Chile,CHL,2005,0.59,0.48
Chile,CHL,2004,0.61,0.48
Chile,CHL,2003,0.56,0.47
Chile,CHL,2002,0.56,0.41
Chile,CHL,2002,0.63,0.37
Chile,CHL,1998,,0.39
Chile,CHL,1996,,0.37
China,CHN,2015,0.52,0.57
China,CHN,2014,0.53,0.55
China,CHN,2013,0.54,0.53
China,CHN,2012,0.51,0.55
China,CHN,2011,0.53,0.57
China,CHN,2010,0.56,0.58
China,CHN,2009,0.54,0.56
China,CHN,2008,0.55,0.57
China,CHN,2007,0.47,0.46
China,CHN,2006,0.40,0.42
China,CHN,2005,0.37,0.39
China,CHN,2004,0.48,0.41
China,CHN,2003,0.46,0.40
China,CHN,2002,0.50,0.38
China,CHN,2002,0.40,0.35
China,CHN,1998,,0.37
China,CHN,1996,,0.43
C�te d'Ivoire,CIV,2015,0.58,0.60
C�te d'Ivoire,CIV,2014,0.50,0.45
C�te d'Ivoire,CIV,2013,0.41,0.45
C�te d'Ivoire,CIV,2012,0.49,0.43
C�te d'Ivoire,CIV,2011,0.33,0.41
C�te d'Ivoire,CIV,2010,0.35,0.37
C�te d'Ivoire,CIV,2009,0.38,0.46
C�te d'Ivoire,CIV,2008,0.37,0.38
C�te d'Ivoire,CIV,2007,#N/A,#N/A
C�te d'Ivoire,CIV,2006,#N/A,#N/A
C�te d'Ivoire,CIV,2005,#N/A,#N/A
C�te d'Ivoire,CIV,2004,#N/A,#N/A
C�te d'Ivoire,CIV,2003,#N/A,#N/A
C�te d'Ivoire,CIV,2002,#N/A,#N/A
C�te d'Ivoire,CIV,2002,#N/A,#N/A
C�te d'Ivoire,CIV,1998,,#N/A
C�te d'Ivoire,CIV,1996,,#N/A
Cameroon,CMR,2015,0.47,0.41
Cameroon,CMR,2014,0.47,0.44
Cameroon,CMR,2013,0.43,0.38
Cameroon,CMR,2012,0.45,0.39
Cameroon,CMR,2011,0.43,0.40
Cameroon,CMR,2010,0.45,0.41
Cameroon,CMR,2009,0.39,0.37
Cameroon,CMR,2008,0.43,0.31
Cameroon,CMR,2007,0.38,0.31
Cameroon,CMR,2006,0.44,0.22
Cameroon,CMR,2005,0.34,0.24
Cameroon,CMR,2004,#N/A,#N/A
Cameroon,CMR,2003,0.41,0.25
Cameroon,CMR,2002,#N/A,#N/A
Cameroon,CMR,2002,#N/A,#N/A
Cameroon,CMR,1998,,#N/A
Cameroon,CMR,1996,,#N/A
Colombia,COL,2015,0.42,0.35
Colombia,COL,2014,0.42,0.37
Colombia,COL,2013,0.45,0.41
Colombia,COL,2012,0.44,0.36
Colombia,COL,2011,0.46,0.45
Colombia,COL,2010,0.47,0.41
Colombia,COL,2009,0.43,0.39
Colombia,COL,2008,0.50,0.39
Colombia,COL,2007,0.49,0.38
Colombia,COL,2006,0.56,0.33
Colombia,COL,2005,0.43,0.32
Colombia,COL,2004,0.43,0.31
Colombia,COL,2003,0.45,0.33
Colombia,COL,2002,0.38,0.27
Colombia,COL,2002,0.22,0.30
Colombia,COL,1998,,0.34
Colombia,COL,1996,,0.46
Cape Verde,CPV,2015,0.51,0.48
Cape Verde,CPV,2014,0.53,0.49
Cape Verde,CPV,2013,0.49,0.46
Cape Verde,CPV,2012,0.52,0.45
Cape Verde,CPV,2011,0.58,0.47
Cape Verde,CPV,2010,0.56,0.44
Cape Verde,CPV,2009,#N/A,#N/A
Cape Verde,CPV,2008,#N/A,#N/A
Cape Verde,CPV,2007,#N/A,#N/A
Cape Verde,CPV,2006,#N/A,#N/A
Cape Verde,CPV,2005,#N/A,#N/A
Cape Verde,CPV,2004,#N/A,#N/A
Cape Verde,CPV,2003,#N/A,#N/A
Cape Verde,CPV,2002,#N/A,#N/A
Cape Verde,CPV,2002,#N/A,#N/A
Cape Verde,CPV,1998,,#N/A
Cape Verde,CPV,1996,,#N/A
Costa Rica,CRI,2015,0.52,0.50
Costa Rica,CRI,2014,0.52,0.50
Costa Rica,CRI,2013,0.51,0.54
Costa Rica,CRI,2012,0.53,0.58
Costa Rica,CRI,2011,0.51,0.51
Costa Rica,CRI,2010,0.54,0.53
Costa Rica,CRI,2009,0.53,0.54
Costa Rica,CRI,2008,0.56,0.43
Costa Rica,CRI,2007,0.50,0.40
Costa Rica,CRI,2006,0.48,0.35
Costa Rica,CRI,2005,0.41,0.36
Costa Rica,CRI,2004,0.48,0.42
Costa Rica,CRI,2003,0.49,0.41
Costa Rica,CRI,2002,0.42,0.39
Costa Rica,CRI,2002,0.38,0.45
Costa Rica,CRI,1998,,#N/A
Costa Rica,CRI,1996,,0.34
Cyprus,CYP,2015,0.50,0.58
Cyprus,CYP,2014,0.56,0.70
Cyprus,CYP,2013,0.57,0.74
Cyprus,CYP,2012,0.58,0.72
Cyprus,CYP,2011,0.63,0.74
Cyprus,CYP,2010,0.61,0.71
Cyprus,CYP,2009,0.62,0.73
Cyprus,CYP,2008,0.69,0.78
Cyprus,CYP,2007,0.61,0.69
Cyprus,CYP,2006,0.59,0.64
Cyprus,CYP,2005,0.56,0.66
Cyprus,CYP,2004,0.55,0.65
Cyprus,CYP,2003,#N/A,#N/A
Cyprus,CYP,2002,#N/A,#N/A
Cyprus,CYP,2002,#N/A,#N/A
Cyprus,CYP,1998,,#N/A
Cyprus,CYP,1996,,#N/A
Czech Republic,CZE,2015,0.45,0.61
Czech Republic,CZE,2014,0.47,0.64
Czech Republic,CZE,2013,0.40,0.61
Czech Republic,CZE,2012,0.47,0.65
Czech Republic,CZE,2011,0.44,0.65
Czech Republic,CZE,2010,0.46,0.69
Czech Republic,CZE,2009,0.45,0.65
Czech Republic,CZE,2008,0.47,0.64
Czech Republic,CZE,2007,0.44,0.54
Czech Republic,CZE,2006,0.55,0.68
Czech Republic,CZE,2005,0.49,0.72
Czech Republic,CZE,2004,0.46,0.68
Czech Republic,CZE,2003,0.47,0.65
Czech Republic,CZE,2002,0.48,0.73
Czech Republic,CZE,2002,0.22,0.56
Czech Republic,CZE,1998,,0.54
Czech Republic,CZE,1996,,0.54
Germany,DEU,2015,0.71,0.75
Germany,DEU,2014,0.70,0.76
Germany,DEU,2013,0.70,0.76
Germany,DEU,2012,0.72,0.78
Germany,DEU,2011,0.64,0.73
Germany,DEU,2010,0.73,0.75
Germany,DEU,2009,0.71,0.77
Germany,DEU,2008,0.70,0.75
Germany,DEU,2007,0.76,0.82
Germany,DEU,2006,0.78,0.79
Germany,DEU,2005,0.68,0.82
Germany,DEU,2004,0.65,0.79
Germany,DEU,2003,0.65,0.77
Germany,DEU,2002,0.66,0.80
Germany,DEU,2002,0.57,0.90
Germany,DEU,1998,,0.84
Germany,DEU,1996,,0.80
Denmark,DNK,2015,0.71,0.71
Denmark,DNK,2014,0.70,0.71
Denmark,DNK,2013,0.68,0.71
Denmark,DNK,2012,0.63,0.69
Denmark,DNK,2011,0.83,0.80
Denmark,DNK,2010,0.77,0.76
Denmark,DNK,2009,0.82,0.81
Denmark,DNK,2008,0.89,0.82
Denmark,DNK,2007,0.85,0.87
Denmark,DNK,2006,0.85,0.82
Denmark,DNK,2005,0.81,0.86
Denmark,DNK,2004,0.81,0.91
Denmark,DNK,2003,0.80,0.86
Denmark,DNK,2002,0.76,0.85
Denmark,DNK,2002,0.75,0.87
Denmark,DNK,1998,,0.77
Denmark,DNK,1996,,0.69
Dominican Republic,DOM,2015,0.40,0.34
Dominican Republic,DOM,2014,0.44,0.32
Dominican Republic,DOM,2013,0.41,0.32
Dominican Republic,DOM,2012,0.41,0.29
Dominican Republic,DOM,2011,0.40,0.29
Dominican Republic,DOM,2010,0.43,0.24
Dominican Republic,DOM,2009,0.39,0.29
Dominican Republic,DOM,2008,0.39,0.28
Dominican Republic,DOM,2007,0.40,0.28
Dominican Republic,DOM,2006,0.44,0.28
Dominican Republic,DOM,2005,0.27,0.22
Dominican Republic,DOM,2004,0.30,0.33
Dominican Republic,DOM,2003,0.42,0.33
Dominican Republic,DOM,2002,0.39,0.32
Dominican Republic,DOM,2002,#N/A,#N/A
Dominican Republic,DOM,1998,,#N/A
Dominican Republic,DOM,1996,,#N/A
Algeria,DZA,2015,0.39,0.35
Algeria,DZA,2014,0.38,0.36
Algeria,DZA,2013,0.33,0.36
Algeria,DZA,2012,0.28,0.34
Algeria,DZA,2011,0.29,0.32
Algeria,DZA,2010,0.45,0.47
Algeria,DZA,2009,0.34,0.35
Algeria,DZA,2008,0.42,0.32
Algeria,DZA,2007,0.46,0.33
Algeria,DZA,2006,0.49,0.35
Algeria,DZA,2005,0.38,0.38
Algeria,DZA,2004,0.46,0.38
Algeria,DZA,2003,0.47,0.30
Algeria,DZA,2002,#N/A,#N/A
Algeria,DZA,2002,#N/A,#N/A
Algeria,DZA,1998,,#N/A
Algeria,DZA,1996,,#N/A
Ecuador,ECU,2015,0.30,0.53
Ecuador,ECU,2014,#N/A,#N/A
Ecuador,ECU,2013,0.50,0.56
Ecuador,ECU,2012,0.36,0.44
Ecuador,ECU,2011,0.36,0.44
Ecuador,ECU,2010,0.33,0.34
Ecuador,ECU,2009,0.32,0.34
Ecuador,ECU,2008,0.31,0.25
Ecuador,ECU,2007,0.32,0.27
Ecuador,ECU,2006,0.34,0.23
Ecuador,ECU,2005,0.23,0.24
Ecuador,ECU,2004,0.28,0.23
Ecuador,ECU,2003,0.32,0.21
Ecuador,ECU,2002,0.28,0.17
Ecuador,ECU,2002,0.15,0.18
Ecuador,ECU,1998,,#N/A
Ecuador,ECU,1996,,#N/A
"Egypt, Arab Rep.",EGY,2015,0.46,0.29
"Egypt, Arab Rep.",EGY,2014,0.46,0.26
"Egypt, Arab Rep.",EGY,2013,0.39,0.24
"Egypt, Arab Rep.",EGY,2012,0.50,0.31
"Egypt, Arab Rep.",EGY,2011,0.36,0.34
"Egypt, Arab Rep.",EGY,2010,0.48,0.36
"Egypt, Arab Rep.",EGY,2009,0.50,0.44
"Egypt, Arab Rep.",EGY,2008,0.48,0.35
"Egypt, Arab Rep.",EGY,2007,0.50,0.33
"Egypt, Arab Rep.",EGY,2006,0.41,0.32
"Egypt, Arab Rep.",EGY,2005,0.42,0.35
"Egypt, Arab Rep.",EGY,2004,0.38,0.38
"Egypt, Arab Rep.",EGY,2003,0.44,0.42
"Egypt, Arab Rep.",EGY,2002,0.34,0.34
"Egypt, Arab Rep.",EGY,2002,0.47,0.45
"Egypt, Arab Rep.",EGY,1998,,0.48
"Egypt, Arab Rep.",EGY,1996,,0.71
Spain,ESP,2015,0.54,0.66
Spain,ESP,2014,0.48,0.64
Spain,ESP,2013,0.50,0.71
Spain,ESP,2012,0.56,0.63
Spain,ESP,2011,0.54,0.61
Spain,ESP,2010,0.53,0.58
Spain,ESP,2009,0.54,0.56
Spain,ESP,2008,0.56,0.56
Spain,ESP,2007,0.55,0.63
Spain,ESP,2006,0.57,0.55
Spain,ESP,2005,0.56,0.64
Spain,ESP,2004,0.57,0.61
Spain,ESP,2003,0.59,0.65
Spain,ESP,2002,0.57,0.63
Spain,ESP,2002,0.57,0.68
Spain,ESP,1998,,0.60
Spain,ESP,1996,,0.54
Estonia,EST,2015,0.66,0.71
Estonia,EST,2014,0.66,0.71
Estonia,EST,2013,0.65,0.71
Estonia,EST,2012,0.64,0.68
Estonia,EST,2011,0.66,0.74
Estonia,EST,2010,0.64,0.73
Estonia,EST,2009,0.64,0.72
Estonia,EST,2008,0.61,0.71
Estonia,EST,2007,0.62,0.57
Estonia,EST,2006,0.68,0.66
Estonia,EST,2005,0.61,0.66
Estonia,EST,2004,0.62,0.70
Estonia,EST,2003,0.62,0.69
Estonia,EST,2002,0.57,0.64
Estonia,EST,2002,0.38,0.63
Estonia,EST,1998,,#N/A
Estonia,EST,1996,,#N/A
Ethiopia,ETH,2015,0.46,0.35
Ethiopia,ETH,2014,0.33,0.42
Ethiopia,ETH,2013,0.33,0.35
Ethiopia,ETH,2012,0.35,0.40
Ethiopia,ETH,2011,0.35,0.38
Ethiopia,ETH,2010,0.46,0.46
Ethiopia,ETH,2009,0.37,0.40
Ethiopia,ETH,2008,0.38,0.29
Ethiopia,ETH,2007,0.37,0.29
Ethiopia,ETH,2006,0.31,0.21
Ethiopia,ETH,2005,0.28,0.19
Ethiopia,ETH,2004,0.34,0.20
Ethiopia,ETH,2003,0.31,0.17
Ethiopia,ETH,2002,#N/A,#N/A
Ethiopia,ETH,2002,#N/A,#N/A
Ethiopia,ETH,1998,,#N/A
Ethiopia,ETH,1996,,#N/A
Finland,FIN,2015,0.82,0.89
Finland,FIN,2014,0.81,0.92
Finland,FIN,2013,0.83,0.94
Finland,FIN,2012,0.82,0.95
Finland,FIN,2011,0.81,0.94
Finland,FIN,2010,0.78,0.91
Finland,FIN,2009,0.75,0.89
Finland,FIN,2008,0.83,0.95
Finland,FIN,2007,0.82,0.88
Finland,FIN,2006,0.82,0.90
Finland,FIN,2005,0.74,0.91
Finland,FIN,2004,0.75,0.92
Finland,FIN,2003,0.79,0.94
Finland,FIN,2002,0.79,0.92
Finland,FIN,2002,0.78,0.95
Finland,FIN,1998,,0.78
Finland,FIN,1996,,0.73
France,FRA,2015,0.68,0.74
France,FRA,2014,0.59,0.73
France,FRA,2013,0.58,0.76
France,FRA,2012,0.61,0.73
France,FRA,2011,0.61,0.76
France,FRA,2010,0.67,0.79
France,FRA,2009,0.62,0.80
France,FRA,2008,0.65,0.85
France,FRA,2007,0.69,0.79
France,FRA,2006,0.67,0.81
France,FRA,2005,0.67,0.88
France,FRA,2004,0.64,0.87
France,FRA,2003,0.63,0.86
France,FRA,2002,0.56,0.84
France,FRA,2002,0.53,0.95
France,FRA,1998,,0.79
France,FRA,1996,,0.79
Gabon,GAB,2015,0.44,0.36
Gabon,GAB,2014,0.44,0.37
Gabon,GAB,2013,0.44,0.32
Gabon,GAB,2012,0.51,0.32
Gabon,GAB,2011,#N/A,#N/A
Gabon,GAB,2010,#N/A,#N/A
Gabon,GAB,2009,#N/A,#N/A
Gabon,GAB,2008,#N/A,#N/A
Gabon,GAB,2007,#N/A,#N/A
Gabon,GAB,2006,#N/A,#N/A
Gabon,GAB,2005,#N/A,#N/A
Gabon,GAB,2004,#N/A,#N/A
Gabon,GAB,2003,#N/A,#N/A
Gabon,GAB,2002,#N/A,#N/A
Gabon,GAB,2002,#N/A,#N/A
Gabon,GAB,1998,,#N/A
Gabon,GAB,1996,,#N/A
United Kingdom,GBR,2015,0.75,0.67
United Kingdom,GBR,2014,0.73,0.69
United Kingdom,GBR,2013,0.73,0.68
United Kingdom,GBR,2012,0.72,0.70
United Kingdom,GBR,2011,0.70,0.71
United Kingdom,GBR,2010,0.70,0.70
United Kingdom,GBR,2009,0.68,0.67
United Kingdom,GBR,2008,0.64,0.69
United Kingdom,GBR,2007,0.68,0.66
United Kingdom,GBR,2006,0.77,0.71
United Kingdom,GBR,2005,0.73,0.67
United Kingdom,GBR,2004,0.76,0.68
United Kingdom,GBR,2003,0.72,0.64
United Kingdom,GBR,2002,0.73,0.70
United Kingdom,GBR,2002,0.68,0.72
United Kingdom,GBR,1998,,0.59
United Kingdom,GBR,1996,,0.49
Georgia,GEO,2015,0.57,0.44
Georgia,GEO,2014,0.55,0.51
Georgia,GEO,2013,0.52,0.50
Georgia,GEO,2012,0.48,0.49
Georgia,GEO,2011,0.48,0.49
Georgia,GEO,2010,0.47,0.47
Georgia,GEO,2009,0.45,0.44
Georgia,GEO,2008,0.45,0.39
Georgia,GEO,2007,0.47,0.35
Georgia,GEO,2006,0.44,0.31
Georgia,GEO,2005,0.43,0.24
Georgia,GEO,2004,0.41,0.23
Georgia,GEO,2003,#N/A,#N/A
Georgia,GEO,2002,#N/A,#N/A
Georgia,GEO,2002,#N/A,#N/A
Georgia,GEO,1998,,#N/A
Georgia,GEO,1996,,#N/A
Ghana,GHA,2015,0.54,0.38
Ghana,GHA,2014,0.48,0.33
Ghana,GHA,2013,0.54,0.41
Ghana,GHA,2012,0.56,0.46
Ghana,GHA,2011,0.56,0.42
Ghana,GHA,2010,0.56,0.43
Ghana,GHA,2009,0.53,0.42
Ghana,GHA,2008,0.55,0.38
Ghana,GHA,2007,#N/A,#N/A
Ghana,GHA,2006,#N/A,#N/A
Ghana,GHA,2005,0.67,0.43
Ghana,GHA,2004,0.66,0.33
Ghana,GHA,2003,0.58,0.26
Ghana,GHA,2002,#N/A,#N/A
Ghana,GHA,2002,#N/A,#N/A
Ghana,GHA,1998,,#N/A
Ghana,GHA,1996,,#N/A
Guinea,GIN,2015,0.46,0.36
Guinea,GIN,2014,0.31,0.21
Guinea,GIN,2013,0.37,0.18
Guinea,GIN,2012,0.42,0.23
Guinea,GIN,2011,#N/A,#N/A
Guinea,GIN,2010,#N/A,#N/A
Guinea,GIN,2009,#N/A,#N/A
Guinea,GIN,2008,#N/A,#N/A
Guinea,GIN,2007,#N/A,#N/A
Guinea,GIN,2006,#N/A,#N/A
Guinea,GIN,2005,#N/A,#N/A
Guinea,GIN,2004,#N/A,#N/A
Guinea,GIN,2003,#N/A,#N/A
Guinea,GIN,2002,#N/A,#N/A
Guinea,GIN,2002,#N/A,#N/A
Guinea,GIN,1998,,#N/A
Guinea,GIN,1996,,#N/A
"Gambia, The",GMB,2015,0.50,0.48
"Gambia, The",GMB,2014,0.50,0.52
"Gambia, The",GMB,2013,0.46,0.52
"Gambia, The",GMB,2012,0.57,0.62
"Gambia, The",GMB,2011,0.60,0.60
"Gambia, The",GMB,2010,0.60,0.61
"Gambia, The",GMB,2009,0.59,0.59
"Gambia, The",GMB,2008,0.59,0.51
"Gambia, The",GMB,2007,0.53,0.50
"Gambia, The",GMB,2006,0.45,0.34
"Gambia, The",GMB,2005,0.34,0.33
"Gambia, The",GMB,2004,0.49,0.40
"Gambia, The",GMB,2003,0.58,0.41
"Gambia, The",GMB,2002,#N/A,#N/A
"Gambia, The",GMB,2002,#N/A,#N/A
"Gambia, The",GMB,1998,,#N/A
"Gambia, The",GMB,1996,,#N/A
Greece,GRC,2015,0.44,0.49
Greece,GRC,2014,0.42,0.53
Greece,GRC,2013,0.44,0.54
Greece,GRC,2012,0.45,0.52
Greece,GRC,2011,0.46,0.50
Greece,GRC,2010,0.51,0.53
Greece,GRC,2009,0.52,0.54
Greece,GRC,2008,0.52,0.52
Greece,GRC,2007,0.56,0.45
Greece,GRC,2006,0.58,0.52
Greece,GRC,2005,0.56,0.52
Greece,GRC,2004,0.52,0.53
Greece,GRC,2003,0.52,0.46
Greece,GRC,2002,0.49,0.42
Greece,GRC,2002,0.25,0.43
Greece,GRC,1998,,0.41
Greece,GRC,1996,,0.39
Guatemala,GTM,2015,0.39,0.34
Guatemala,GTM,2014,0.45,0.42
Guatemala,GTM,2013,0.44,0.40
Guatemala,GTM,2012,0.52,0.37
Guatemala,GTM,2011,0.42,0.39
Guatemala,GTM,2010,0.45,0.42
Guatemala,GTM,2009,0.45,0.41
Guatemala,GTM,2008,0.48,0.37
Guatemala,GTM,2007,0.48,0.35
Guatemala,GTM,2006,0.47,0.32
Guatemala,GTM,2005,0.30,0.22
Guatemala,GTM,2004,0.35,0.20
Guatemala,GTM,2003,0.26,0.19
Guatemala,GTM,2002,0.24,0.19
Guatemala,GTM,2002,0.12,0.21
Guatemala,GTM,1998,,#N/A
Guatemala,GTM,1996,,0.27
Guyana,GUY,2015,0.43,0.50
Guyana,GUY,2014,0.40,0.52
Guyana,GUY,2013,0.41,0.52
Guyana,GUY,2012,0.42,0.51
Guyana,GUY,2011,0.42,0.49
Guyana,GUY,2010,0.48,0.49
Guyana,GUY,2009,0.44,0.45
Guyana,GUY,2008,0.42,0.40
Guyana,GUY,2007,0.39,0.37
Guyana,GUY,2006,0.40,0.27
Guyana,GUY,2005,0.26,0.25
Guyana,GUY,2004,#N/A,#N/A
Guyana,GUY,2003,#N/A,#N/A
Guyana,GUY,2002,#N/A,#N/A
Guyana,GUY,2002,#N/A,#N/A
Guyana,GUY,1998,,#N/A
Guyana,GUY,1996,,#N/A
"Hong Kong SAR, China",HKG,2015,0.72,0.78
"Hong Kong SAR, China",HKG,2014,0.66,0.77
"Hong Kong SAR, China",HKG,2013,0.70,0.80
"Hong Kong SAR, China",HKG,2012,0.66,0.78
"Hong Kong SAR, China",HKG,2011,0.65,0.76
"Hong Kong SAR, China",HKG,2010,0.71,0.80
"Hong Kong SAR, China",HKG,2009,0.65,0.79
"Hong Kong SAR, China",HKG,2008,0.69,0.77
"Hong Kong SAR, China",HKG,2007,0.72,0.77
"Hong Kong SAR, China",HKG,2006,0.69,0.80
"Hong Kong SAR, China",HKG,2005,0.54,0.77
"Hong Kong SAR, China",HKG,2004,0.67,0.80
"Hong Kong SAR, China",HKG,2003,0.63,0.76
"Hong Kong SAR, China",HKG,2002,0.65,0.75
"Hong Kong SAR, China",HKG,2002,0.58,0.83
"Hong Kong SAR, China",HKG,1998,,0.77
"Hong Kong SAR, China",HKG,1996,,0.74
Honduras,HND,2015,0.51,0.42
Honduras,HND,2014,0.54,0.41
Honduras,HND,2013,0.38,0.31
Honduras,HND,2012,0.44,0.30
Honduras,HND,2011,0.52,0.35
Honduras,HND,2010,0.47,0.35
Honduras,HND,2009,0.48,0.39
Honduras,HND,2008,0.46,0.31
Honduras,HND,2007,0.56,0.39
Honduras,HND,2006,0.45,0.26
Honduras,HND,2005,0.40,0.27
Honduras,HND,2004,0.37,0.24
Honduras,HND,2003,0.35,0.18
Honduras,HND,2002,0.36,0.20
Honduras,HND,2002,0.13,0.18
Honduras,HND,1998,,#N/A
Honduras,HND,1996,,0.28
Croatia,HRV,2015,0.41,0.58
Croatia,HRV,2014,0.34,0.60
Croatia,HRV,2013,0.40,0.66
Croatia,HRV,2012,0.43,0.64
Croatia,HRV,2011,0.41,0.62
Croatia,HRV,2010,0.44,0.66
Croatia,HRV,2009,0.43,0.65
Croatia,HRV,2008,0.44,0.55
Croatia,HRV,2007,0.48,0.48
Croatia,HRV,2006,0.49,0.56
Croatia,HRV,2005,0.42,0.49
Croatia,HRV,2004,0.37,0.44
Croatia,HRV,2003,0.39,0.42
Croatia,HRV,2002,0.40,0.45
Croatia,HRV,2002,#N/A,#N/A
Croatia,HRV,1998,,#N/A
Croatia,HRV,1996,,#N/A
Haiti,HTI,2015,0.34,0.29
Haiti,HTI,2014,0.35,0.20
Haiti,HTI,2013,0.33,0.26
Haiti,HTI,2012,0.35,0.19
Haiti,HTI,2011,0.33,0.17
Haiti,HTI,2010,#N/A,#N/A
Haiti,HTI,2009,#N/A,#N/A
Haiti,HTI,2008,#N/A,#N/A
Haiti,HTI,2007,#N/A,#N/A
Haiti,HTI,2006,#N/A,#N/A
Haiti,HTI,2005,#N/A,#N/A
Haiti,HTI,2004,#N/A,#N/A
Haiti,HTI,2003,0.23,0.08
Haiti,HTI,2002,0.22,0.07
Haiti,HTI,2002,#N/A,#N/A
Haiti,HTI,1998,,#N/A
Haiti,HTI,1996,,#N/A
Hungary,HUN,2015,0.36,0.50
Hungary,HUN,2014,0.39,0.58
Hungary,HUN,2013,0.38,0.61
Hungary,HUN,2012,0.40,0.58
Hungary,HUN,2011,0.45,0.57
Hungary,HUN,2010,0.50,0.57
Hungary,HUN,2009,0.43,0.58
Hungary,HUN,2008,0.39,0.51
Hungary,HUN,2007,0.44,0.45
Hungary,HUN,2006,0.53,0.60
Hungary,HUN,2005,0.49,0.59
Hungary,HUN,2004,0.46,0.58
Hungary,HUN,2003,0.52,0.53
Hungary,HUN,2002,0.53,0.61
Hungary,HUN,2002,0.37,0.66
Hungary,HUN,1998,,0.52
Hungary,HUN,1996,,0.55
Indonesia,IDN,2015,0.50,0.47
Indonesia,IDN,2014,0.54,0.55
Indonesia,IDN,2013,0.54,0.55
Indonesia,IDN,2012,0.52,0.48
Indonesia,IDN,2011,0.52,0.49
Indonesia,IDN,2010,0.53,0.53
Indonesia,IDN,2009,0.55,0.46
Indonesia,IDN,2008,0.47,0.40
Indonesia,IDN,2007,0.46,0.43
Indonesia,IDN,2006,0.39,0.38
Indonesia,IDN,2005,0.49,0.38
Indonesia,IDN,2004,0.51,0.52
Indonesia,IDN,2003,0.44,0.43
Indonesia,IDN,2002,0.44,0.27
Indonesia,IDN,2002,0.33,0.34
Indonesia,IDN,1998,,0.32
Indonesia,IDN,1996,,0.48
India,IND,2015,0.53,0.59
India,IND,2014,0.48,0.43
India,IND,2013,0.50,0.49
India,IND,2012,0.55,0.47
India,IND,2011,0.54,0.46
India,IND,2010,0.56,0.44
India,IND,2009,0.63,0.40
India,IND,2008,0.61,0.36
India,IND,2007,0.58,0.45
India,IND,2006,0.70,0.31
India,IND,2005,0.59,0.31
India,IND,2004,0.60,0.31
India,IND,2003,0.56,0.29
India,IND,2002,0.51,0.25
India,IND,2002,0.40,0.24
India,IND,1998,,0.31
India,IND,1996,,0.43
Ireland,IRL,2015,0.78,0.71
Ireland,IRL,2014,0.70,0.73
Ireland,IRL,2013,0.68,0.73
Ireland,IRL,2012,0.64,0.75
Ireland,IRL,2011,0.67,0.73
Ireland,IRL,2010,0.63,0.62
Ireland,IRL,2009,0.64,0.67
Ireland,IRL,2008,0.71,0.61
Ireland,IRL,2007,0.68,0.62
Ireland,IRL,2006,0.68,0.67
Ireland,IRL,2005,0.69,0.70
Ireland,IRL,2004,0.64,0.65
Ireland,IRL,2003,0.55,0.57
Ireland,IRL,2002,0.60,0.63
Ireland,IRL,2002,0.65,0.67
Ireland,IRL,1998,,0.66
Ireland,IRL,1996,,0.66
"Iran, Islamic Rep.",IRN,2015,0.41,0.52
"Iran, Islamic Rep.",IRN,2014,0.39,0.49
"Iran, Islamic Rep.",IRN,2013,0.32,0.50
"Iran, Islamic Rep.",IRN,2012,0.41,0.53
"Iran, Islamic Rep.",IRN,2011,0.42,0.51
"Iran, Islamic Rep.",IRN,2010,0.41,0.50
"Iran, Islamic Rep.",IRN,2009,#N/A,#N/A
"Iran, Islamic Rep.",IRN,2008,#N/A,#N/A
"Iran, Islamic Rep.",IRN,2007,#N/A,#N/A
"Iran, Islamic Rep.",IRN,2006,#N/A,#N/A
"Iran, Islamic Rep.",IRN,2005,#N/A,#N/A
"Iran, Islamic Rep.",IRN,2004,#N/A,#N/A
"Iran, Islamic Rep.",IRN,2003,#N/A,#N/A
"Iran, Islamic Rep.",IRN,2002,#N/A,#N/A
"Iran, Islamic Rep.",IRN,2002,#N/A,#N/A
"Iran, Islamic Rep.",IRN,1998,,#N/A
"Iran, Islamic Rep.",IRN,1996,,#N/A
Iceland,ISL,2015,0.68,0.77
Iceland,ISL,2014,0.61,0.76
Iceland,ISL,2013,0.57,0.80
Iceland,ISL,2012,0.60,0.82
Iceland,ISL,2011,0.60,0.82
Iceland,ISL,2010,0.63,0.87
Iceland,ISL,2009,0.61,0.84
Iceland,ISL,2008,0.76,0.83
Iceland,ISL,2007,0.77,0.79
Iceland,ISL,2006,0.79,0.83
Iceland,ISL,2005,0.74,0.84
Iceland,ISL,2004,0.75,0.87
Iceland,ISL,2003,0.75,0.88
Iceland,ISL,2002,0.74,0.89
Iceland,ISL,2002,0.70,0.88
Iceland,ISL,1998,,0.61
Iceland,ISL,1996,,0.40
Israel,ISR,2015,0.56,0.58
Israel,ISR,2014,0.50,0.44
Israel,ISR,2013,0.54,0.56
Israel,ISR,2012,0.57,0.56
Israel,ISR,2011,0.63,0.56
Israel,ISR,2010,0.60,0.57
Israel,ISR,2009,0.61,0.58
Israel,ISR,2008,0.58,0.55
Israel,ISR,2007,0.66,0.65
Israel,ISR,2006,0.69,0.69
Israel,ISR,2005,0.56,0.65
Israel,ISR,2004,0.57,0.66
Israel,ISR,2003,0.55,0.71
Israel,ISR,2002,0.64,0.73
Israel,ISR,2002,0.52,0.70
Israel,ISR,1998,,0.62
Israel,ISR,1996,,0.60
Italy,ITA,2015,0.36,0.59
Italy,ITA,2014,0.29,0.55
Italy,ITA,2013,0.33,0.67
Italy,ITA,2012,0.38,0.55
Italy,ITA,2011,0.34,0.53
Italy,ITA,2010,0.38,0.55
Italy,ITA,2009,0.39,0.54
Italy,ITA,2008,0.37,0.47
Italy,ITA,2007,0.42,0.40
Italy,ITA,2006,0.44,0.49
Italy,ITA,2005,0.46,0.56
Italy,ITA,2004,0.41,0.51
Italy,ITA,2003,0.52,0.66
Italy,ITA,2002,0.52,0.63
Italy,ITA,2002,0.40,0.63
Italy,ITA,1998,,0.41
Italy,ITA,1996,,0.39
Jamaica,JAM,2015,0.52,0.49
Jamaica,JAM,2014,0.47,0.51
Jamaica,JAM,2013,0.48,0.50
Jamaica,JAM,2012,0.49,0.42
Jamaica,JAM,2011,0.49,0.45
Jamaica,JAM,2010,0.51,0.46
Jamaica,JAM,2009,0.51,0.50
Jamaica,JAM,2008,0.50,0.41
Jamaica,JAM,2007,0.49,0.36
Jamaica,JAM,2006,0.56,0.40
Jamaica,JAM,2005,0.47,0.38
Jamaica,JAM,2004,0.46,0.39
Jamaica,JAM,2003,0.43,0.39
Jamaica,JAM,2002,0.50,0.38
Jamaica,JAM,2002,0.27,0.46
Jamaica,JAM,1998,,#N/A
Jamaica,JAM,1996,,#N/A
Jordan,JOR,2015,0.53,0.53
Jordan,JOR,2014,0.53,0.54
Jordan,JOR,2013,0.44,0.51
Jordan,JOR,2012,0.54,0.65
Jordan,JOR,2011,0.45,0.61
Jordan,JOR,2010,0.42,0.55
Jordan,JOR,2009,0.50,0.64
Jordan,JOR,2008,0.54,0.59
Jordan,JOR,2007,0.46,0.61
Jordan,JOR,2006,0.47,0.49
Jordan,JOR,2005,0.46,0.53
Jordan,JOR,2004,0.48,0.58
Jordan,JOR,2003,0.51,0.59
Jordan,JOR,2002,0.39,0.49
Jordan,JOR,2002,0.47,0.56
Jordan,JOR,1998,,0.55
Jordan,JOR,1996,,0.48
Japan,JPN,2015,0.75,0.82
Japan,JPN,2014,0.76,0.83
Japan,JPN,2013,0.72,0.79
Japan,JPN,2012,0.66,0.74
Japan,JPN,2011,0.68,0.77
Japan,JPN,2010,0.67,0.74
Japan,JPN,2009,0.64,0.76
Japan,JPN,2008,0.67,0.72
Japan,JPN,2007,0.70,0.69
Japan,JPN,2006,0.72,0.79
Japan,JPN,2005,0.63,0.81
Japan,JPN,2004,0.64,0.80
Japan,JPN,2003,0.54,0.72
Japan,JPN,2002,0.53,0.70
Japan,JPN,2002,0.48,0.82
Japan,JPN,1998,,0.73
Japan,JPN,1996,,0.73
Kazakhstan,KAZ,2015,0.55,0.52
Kazakhstan,KAZ,2014,0.52,0.54
Kazakhstan,KAZ,2013,0.48,0.53
Kazakhstan,KAZ,2012,0.53,0.52
Kazakhstan,KAZ,2011,..,..
Kazakhstan,KAZ,2010,0.44,0.45
Kazakhstan,KAZ,2009,0.44,0.49
Kazakhstan,KAZ,2008,0.46,0.44
Kazakhstan,KAZ,2007,0.46,0.41
Kazakhstan,KAZ,2006,0.44,0.39
Kazakhstan,KAZ,2005,0.43,0.43
Kazakhstan,KAZ,2004,#N/A,#N/A
Kazakhstan,KAZ,2003,#N/A,#N/A
Kazakhstan,KAZ,2002,#N/A,#N/A
Kazakhstan,KAZ,2002,0.22,0.34
Kazakhstan,KAZ,1998,,#N/A
Kazakhstan,KAZ,1996,,#N/A
Kenya,KEN,2015,0.47,0.48
Kenya,KEN,2014,0.50,0.50
Kenya,KEN,2013,0.52,0.54
Kenya,KEN,2012,0.47,0.48
Kenya,KEN,2011,0.46,0.48
Kenya,KEN,2010,0.43,0.51
Kenya,KEN,2009,0.36,0.46
Kenya,KEN,2008,0.43,0.39
Kenya,KEN,2007,0.44,0.48
Kenya,KEN,2006,0.38,0.26
Kenya,KEN,2005,0.33,0.25
Kenya,KEN,2004,0.45,0.28
Kenya,KEN,2003,0.44,0.25
Kenya,KEN,2002,#N/A,#N/A
Kenya,KEN,2002,#N/A,#N/A
Kenya,KEN,1998,,#N/A
Kenya,KEN,1996,,#N/A
Kyrgyz Republic,KGZ,2015,0.43,0.33
Kyrgyz Republic,KGZ,2014,0.42,0.40
Kyrgyz Republic,KGZ,2013,0.39,0.37
Kyrgyz Republic,KGZ,2012,0.41,0.36
Kyrgyz Republic,KGZ,2011,0.41,0.40
Kyrgyz Republic,KGZ,2010,0.37,0.49
Kyrgyz Republic,KGZ,2009,0.33,0.30
Kyrgyz Republic,KGZ,2008,0.34,0.33
Kyrgyz Republic,KGZ,2007,0.36,0.36
Kyrgyz Republic,KGZ,2006,0.36,0.27
Kyrgyz Republic,KGZ,2005,0.29,0.27
Kyrgyz Republic,KGZ,2004,#N/A,#N/A
Kyrgyz Republic,KGZ,2003,#N/A,#N/A
Kyrgyz Republic,KGZ,2002,#N/A,#N/A
Kyrgyz Republic,KGZ,2002,#N/A,#N/A
Kyrgyz Republic,KGZ,1998,,#N/A
Kyrgyz Republic,KGZ,1996,,#N/A
Cambodia,KHM,2015,0.40,0.38
Cambodia,KHM,2014,0.32,0.33
Cambodia,KHM,2013,0.40,0.37
Cambodia,KHM,2012,0.48,0.47
Cambodia,KHM,2011,0.47,0.45
Cambodia,KHM,2010,0.45,0.39
Cambodia,KHM,2009,0.45,0.39
Cambodia,KHM,2008,0.40,0.26
Cambodia,KHM,2007,0.45,0.34
Cambodia,KHM,2006,0.45,0.27
Cambodia,KHM,2005,0.32,0.22
Cambodia,KHM,2004,#N/A,#N/A
Cambodia,KHM,2003,#N/A,#N/A
Cambodia,KHM,2002,#N/A,#N/A
Cambodia,KHM,2002,#N/A,#N/A
Cambodia,KHM,1998,,#N/A
Cambodia,KHM,1996,,#N/A
"Korea, Rep.",KOR,2015,0.45,0.70
"Korea, Rep.",KOR,2014,0.37,0.67
"Korea, Rep.",KOR,2013,0.39,0.67
"Korea, Rep.",KOR,2012,0.40,0.78
"Korea, Rep.",KOR,2011,0.38,0.76
"Korea, Rep.",KOR,2010,0.38,0.72
"Korea, Rep.",KOR,2009,0.40,0.75
"Korea, Rep.",KOR,2008,0.47,0.67
"Korea, Rep.",KOR,2007,0.78,0.81
"Korea, Rep.",KOR,2006,0.48,0.61
"Korea, Rep.",KOR,2005,0.53,0.67
"Korea, Rep.",KOR,2004,0.47,0.61
"Korea, Rep.",KOR,2003,0.55,0.66
"Korea, Rep.",KOR,2002,0.49,0.65
"Korea, Rep.",KOR,2002,0.40,0.60
"Korea, Rep.",KOR,1998,,0.50
"Korea, Rep.",KOR,1996,,0.48
Kuwait,KWT,2015,0.48,0.47
Kuwait,KWT,2014,0.45,0.41
Kuwait,KWT,2013,0.46,0.52
Kuwait,KWT,2012,0.48,0.49
Kuwait,KWT,2011,0.49,0.48
Kuwait,KWT,2010,0.53,0.55
Kuwait,KWT,2009,0.50,0.54
Kuwait,KWT,2008,0.49,0.46
Kuwait,KWT,2007,0.53,0.49
Kuwait,KWT,2006,0.53,0.54
Kuwait,KWT,2005,0.52,0.62
Kuwait,KWT,2004,#N/A,#N/A
Kuwait,KWT,2003,#N/A,#N/A
Kuwait,KWT,2002,0.52,0.67
Kuwait,KWT,2002,#N/A,#N/A
Kuwait,KWT,1998,,#N/A
Kuwait,KWT,1996,,#N/A
Lao PDR,LAO,2015,0.43,0.39
Lao PDR,LAO,2014,0.45,0.50
Lao PDR,LAO,2013,0.48,0.51
Lao PDR,LAO,2012,#N/A,#N/A
Lao PDR,LAO,2011,#N/A,#N/A
Lao PDR,LAO,2010,#N/A,#N/A
Lao PDR,LAO,2009,#N/A,#N/A
Lao PDR,LAO,2008,#N/A,#N/A
Lao PDR,LAO,2007,#N/A,#N/A
Lao PDR,LAO,2006,#N/A,#N/A
Lao PDR,LAO,2005,#N/A,#N/A
Lao PDR,LAO,2004,#N/A,#N/A
Lao PDR,LAO,2003,#N/A,#N/A
Lao PDR,LAO,2002,#N/A,#N/A
Lao PDR,LAO,2002,#N/A,#N/A
Lao PDR,LAO,1998,,#N/A
Lao PDR,LAO,1996,,#N/A
Lebanon,LBN,2015,0.44,0.49
Lebanon,LBN,2014,0.31,0.45
Lebanon,LBN,2013,0.32,0.49
Lebanon,LBN,2012,0.41,0.53
Lebanon,LBN,2011,0.41,0.52
Lebanon,LBN,2010,0.41,0.50
Lebanon,LBN,2009,#N/A,#N/A
Lebanon,LBN,2008,#N/A,#N/A
Lebanon,LBN,2007,#N/A,#N/A
Lebanon,LBN,2006,#N/A,#N/A
Lebanon,LBN,2005,#N/A,#N/A
Lebanon,LBN,2004,#N/A,#N/A
Lebanon,LBN,2003,#N/A,#N/A
Lebanon,LBN,2002,0.20,0.39
Lebanon,LBN,2002,#N/A,#N/A
Lebanon,LBN,1998,,#N/A
Lebanon,LBN,1996,,#N/A
Liberia,LBR,2015,0.49,0.36
Liberia,LBR,2014,#N/A,#N/A
Liberia,LBR,2013,0.48,0.28
Liberia,LBR,2012,0.59,0.49
Liberia,LBR,2011,#N/A,#N/A
Liberia,LBR,2010,#N/A,#N/A
Liberia,LBR,2009,#N/A,#N/A
Liberia,LBR,2008,#N/A,#N/A
Liberia,LBR,2007,#N/A,#N/A
Liberia,LBR,2006,#N/A,#N/A
Liberia,LBR,2005,#N/A,#N/A
Liberia,LBR,2004,#N/A,#N/A
Liberia,LBR,2003,#N/A,#N/A
Liberia,LBR,2002,#N/A,#N/A
Liberia,LBR,2002,#N/A,#N/A
Liberia,LBR,1998,,#N/A
Liberia,LBR,1996,,#N/A
Libya,LBY,2015,#N/A,#N/A
Libya,LBY,2014,0.29,0.20
Libya,LBY,2013,0.38,0.19
Libya,LBY,2012,0.45,0.23
Libya,LBY,2011,..,..
Libya,LBY,2010,0.30,0.32
Libya,LBY,2009,0.33,0.33
Libya,LBY,2008,0.42,0.32
Libya,LBY,2007,0.34,0.22
Libya,LBY,2006,#N/A,#N/A
Libya,LBY,2005,#N/A,#N/A
Libya,LBY,2004,#N/A,#N/A
Libya,LBY,2003,#N/A,#N/A
Libya,LBY,2002,#N/A,#N/A
Libya,LBY,2002,#N/A,#N/A
Libya,LBY,1998,,#N/A
Libya,LBY,1996,,#N/A
Sri Lanka,LKA,2015,0.52,0.65
Sri Lanka,LKA,2014,0.47,0.69
Sri Lanka,LKA,2013,0.48,0.64
Sri Lanka,LKA,2012,0.51,0.61
Sri Lanka,LKA,2011,0.51,0.61
Sri Lanka,LKA,2010,0.48,0.59
Sri Lanka,LKA,2009,0.43,0.61
Sri Lanka,LKA,2008,0.42,0.51
Sri Lanka,LKA,2007,0.50,0.47
Sri Lanka,LKA,2006,0.44,0.38
Sri Lanka,LKA,2005,0.34,0.37
Sri Lanka,LKA,2004,0.42,0.34
Sri Lanka,LKA,2003,0.42,0.39
Sri Lanka,LKA,2002,0.57,0.64
Sri Lanka,LKA,2002,0.50,0.50
Sri Lanka,LKA,1998,,#N/A
Sri Lanka,LKA,1996,,#N/A
Lesotho,LSO,2015,0.58,0.46
Lesotho,LSO,2014,0.49,0.53
Lesotho,LSO,2013,0.57,0.43
Lesotho,LSO,2012,0.38,0.37
Lesotho,LSO,2011,0.38,0.37
Lesotho,LSO,2010,0.38,0.36
Lesotho,LSO,2009,0.40,0.41
Lesotho,LSO,2008,0.37,0.26
Lesotho,LSO,2007,0.29,0.20
Lesotho,LSO,2006,0.45,0.23
Lesotho,LSO,2005,#N/A,#N/A
Lesotho,LSO,2004,#N/A,#N/A
Lesotho,LSO,2003,#N/A,#N/A
Lesotho,LSO,2002,#N/A,#N/A
Lesotho,LSO,2002,#N/A,#N/A
Lesotho,LSO,1998,,#N/A
Lesotho,LSO,1996,,#N/A
Lithuania,LTU,2015,0.54,0.66
Lithuania,LTU,2014,0.52,0.66
Lithuania,LTU,2013,0.53,0.66
Lithuania,LTU,2012,0.51,0.68
Lithuania,LTU,2011,0.51,0.65
Lithuania,LTU,2010,0.51,0.63
Lithuania,LTU,2009,0.51,0.62
Lithuania,LTU,2008,0.47,0.55
Lithuania,LTU,2007,0.54,0.54
Lithuania,LTU,2006,0.53,0.55
Lithuania,LTU,2005,0.49,0.56
Lithuania,LTU,2004,0.53,0.57
Lithuania,LTU,2003,0.52,0.57
Lithuania,LTU,2002,0.48,0.53
Lithuania,LTU,2002,0.38,0.49
Lithuania,LTU,1998,,#N/A
Lithuania,LTU,1996,,#N/A
Luxembourg,LUX,2015,0.82,0.68
Luxembourg,LUX,2014,0.76,0.74
Luxembourg,LUX,2013,0.75,0.73
Luxembourg,LUX,2012,0.72,0.73
Luxembourg,LUX,2011,0.76,0.76
Luxembourg,LUX,2010,0.74,0.71
Luxembourg,LUX,2009,0.78,0.75
Luxembourg,LUX,2008,0.75,0.72
Luxembourg,LUX,2007,0.71,0.67
Luxembourg,LUX,2006,0.71,0.72
Luxembourg,LUX,2005,0.68,0.74
Luxembourg,LUX,2004,0.71,0.78
Luxembourg,LUX,2003,0.72,0.77
Luxembourg,LUX,2002,#N/A,#N/A
Luxembourg,LUX,2002,0.70,0.88
Luxembourg,LUX,1998,,0.76
Luxembourg,LUX,1996,,0.71
Latvia,LVA,2015,0.51,0.63
Latvia,LVA,2014,0.51,0.66
Latvia,LVA,2013,0.50,0.66
Latvia,LVA,2012,0.50,0.59
Latvia,LVA,2011,0.46,0.56
Latvia,LVA,2010,0.43,0.60
Latvia,LVA,2009,0.45,0.61
Latvia,LVA,2008,0.47,0.52
Latvia,LVA,2007,0.46,0.48
Latvia,LVA,2006,0.54,0.56
Latvia,LVA,2005,0.48,0.53
Latvia,LVA,2004,0.45,0.53
Latvia,LVA,2003,0.55,0.59
Latvia,LVA,2002,0.46,0.50
Latvia,LVA,2002,0.32,0.53
Latvia,LVA,1998,,#N/A
Latvia,LVA,1996,,#N/A
Morocco,MAR,2015,0.50,0.42
Morocco,MAR,2014,0.56,0.49
Morocco,MAR,2013,0.47,0.46
Morocco,MAR,2012,0.53,0.52
Morocco,MAR,2011,..,..
Morocco,MAR,2010,0.50,0.48
Morocco,MAR,2009,0.49,0.41
Morocco,MAR,2008,0.45,0.37
Morocco,MAR,2007,0.53,0.38
Morocco,MAR,2006,0.48,0.40
Morocco,MAR,2005,0.39,0.32
Morocco,MAR,2004,0.53,0.47
Morocco,MAR,2003,0.43,0.34
Morocco,MAR,2002,0.44,0.36
Morocco,MAR,2002,#N/A,#N/A
Morocco,MAR,1998,,#N/A
Morocco,MAR,1996,,#N/A
Moldova,MDA,2015,0.34,0.41
Moldova,MDA,2014,0.41,0.49
Moldova,MDA,2013,0.34,0.44
Moldova,MDA,2012,0.44,0.43
Moldova,MDA,2011,0.41,0.43
Moldova,MDA,2010,0.42,0.40
Moldova,MDA,2009,#N/A,#N/A
Moldova,MDA,2008,0.41,0.25
Moldova,MDA,2007,0.37,0.31
Moldova,MDA,2006,0.41,0.29
Moldova,MDA,2005,0.38,0.29
Moldova,MDA,2004,#N/A,#N/A
Moldova,MDA,2003,#N/A,#N/A
Moldova,MDA,2002,#N/A,#N/A
Moldova,MDA,2002,#N/A,#N/A
Moldova,MDA,1998,,#N/A
Moldova,MDA,1996,,#N/A
Madagascar,MDG,2015,0.32,0.28
Madagascar,MDG,2014,0.33,0.30
Madagascar,MDG,2013,0.31,0.32
Madagascar,MDG,2012,0.32,0.32
Madagascar,MDG,2011,0.31,0.32
Madagascar,MDG,2010,0.31,0.33
Madagascar,MDG,2009,0.38,0.38
Madagascar,MDG,2008,0.40,0.30
Madagascar,MDG,2007,0.45,0.29
Madagascar,MDG,2006,0.42,0.22
Madagascar,MDG,2005,0.35,0.23
Madagascar,MDG,2004,0.43,0.22
Madagascar,MDG,2003,0.40,0.15
Madagascar,MDG,2002,#N/A,#N/A
Madagascar,MDG,2002,#N/A,#N/A
Madagascar,MDG,1998,,#N/A
Madagascar,MDG,1996,,#N/A
Mexico,MEX,2015,0.42,0.42
Mexico,MEX,2014,0.42,0.41
Mexico,MEX,2013,0.46,0.43
Mexico,MEX,2012,0.48,0.43
Mexico,MEX,2011,0.45,0.44
Mexico,MEX,2010,0.43,0.36
Mexico,MEX,2009,0.46,0.40
Mexico,MEX,2008,0.45,0.32
Mexico,MEX,2007,0.44,0.36
Mexico,MEX,2006,0.51,0.35
Mexico,MEX,2005,0.41,0.36
Mexico,MEX,2004,0.44,0.35
Mexico,MEX,2003,0.47,0.35
Mexico,MEX,2002,0.41,0.30
Mexico,MEX,2002,0.37,0.33
Mexico,MEX,1998,,0.34
Mexico,MEX,1996,,0.33
"Macedonia, FYR",MKD,2015,0.47,0.50
"Macedonia, FYR",MKD,2014,0.53,0.53
"Macedonia, FYR",MKD,2013,0.49,0.50
"Macedonia, FYR",MKD,2012,0.45,0.46
"Macedonia, FYR",MKD,2011,0.41,0.43
"Macedonia, FYR",MKD,2010,0.45,0.46
"Macedonia, FYR",MKD,2009,0.45,0.45
"Macedonia, FYR",MKD,2008,0.45,0.42
"Macedonia, FYR",MKD,2007,0.44,0.37
"Macedonia, FYR",MKD,2006,0.45,0.41
"Macedonia, FYR",MKD,2005,0.42,0.40
"Macedonia, FYR",MKD,2004,0.41,0.38
"Macedonia, FYR",MKD,2003,0.44,0.31
"Macedonia, FYR",MKD,2002,#N/A,#N/A
"Macedonia, FYR",MKD,2002,#N/A,#N/A
"Macedonia, FYR",MKD,1998,,#N/A
"Macedonia, FYR",MKD,1996,,#N/A
Mali,MLI,2015,0.50,0.33
Mali,MLI,2014,0.47,0.35
Mali,MLI,2013,0.40,0.40
Mali,MLI,2012,0.43,0.31
Mali,MLI,2011,0.50,0.39
Mali,MLI,2010,0.43,0.26
Mali,MLI,2009,0.52,0.31
Mali,MLI,2008,0.49,0.23
Mali,MLI,2007,0.60,0.30
Mali,MLI,2006,0.58,0.24
Mali,MLI,2005,0.51,0.24
Mali,MLI,2004,0.53,0.22
Mali,MLI,2003,0.49,0.18
Mali,MLI,2002,#N/A,#N/A
Mali,MLI,2002,#N/A,#N/A
Mali,MLI,1998,,#N/A
Mali,MLI,1996,,#N/A
Malta,MLT,2015,0.60,0.61
Malta,MLT,2014,0.54,0.66
Malta,MLT,2013,0.60,0.74
Malta,MLT,2012,0.61,0.72
Malta,MLT,2011,0.56,0.68
Malta,MLT,2010,0.62,0.66
Malta,MLT,2009,0.61,0.63
Malta,MLT,2008,0.65,0.68
Malta,MLT,2007,0.63,0.61
Malta,MLT,2006,0.60,0.57
Malta,MLT,2005,0.54,0.52
Malta,MLT,2004,0.54,0.51
Malta,MLT,2003,0.63,0.56
Malta,MLT,2002,#N/A,#N/A
Malta,MLT,2002,#N/A,#N/A
Malta,MLT,1998,,#N/A
Malta,MLT,1996,,#N/A
Myanmar,MMR,2015,0.31,0.23
Myanmar,MMR,2014,0.37,0.23
Myanmar,MMR,2013,0.36,0.19
Myanmar,MMR,2012,#N/A,#N/A
Myanmar,MMR,2011,#N/A,#N/A
Myanmar,MMR,2010,#N/A,#N/A
Myanmar,MMR,2009,#N/A,#N/A
Myanmar,MMR,2008,#N/A,#N/A
Myanmar,MMR,2007,#N/A,#N/A
Myanmar,MMR,2006,#N/A,#N/A
Myanmar,MMR,2005,#N/A,#N/A
Myanmar,MMR,2004,#N/A,#N/A
Myanmar,MMR,2003,#N/A,#N/A
Myanmar,MMR,2002,#N/A,#N/A
Myanmar,MMR,2002,#N/A,#N/A
Myanmar,MMR,1998,,#N/A
Myanmar,MMR,1996,,#N/A
Montenegro,MNE,2015,0.47,0.49
Montenegro,MNE,2014,0.51,0.52
Montenegro,MNE,2013,0.50,0.58
Montenegro,MNE,2012,0.56,0.52
Montenegro,MNE,2011,0.59,0.49
Montenegro,MNE,2010,0.59,0.50
Montenegro,MNE,2009,0.50,0.44
Montenegro,MNE,2008,0.53,0.41
Montenegro,MNE,2007,0.46,0.35
Montenegro,MNE,2006,#N/A,#N/A
Montenegro,MNE,2005,#N/A,#N/A
Montenegro,MNE,2004,#N/A,#N/A
Montenegro,MNE,2003,#N/A,#N/A
Montenegro,MNE,2002,#N/A,#N/A
Montenegro,MNE,2002,#N/A,#N/A
Montenegro,MNE,1998,,#N/A
Montenegro,MNE,1996,,#N/A
Mongolia,MNG,2015,0.44,0.46
Mongolia,MNG,2014,0.43,0.47
Mongolia,MNG,2013,0.39,0.38
Mongolia,MNG,2012,0.42,0.35
Mongolia,MNG,2011,0.43,0.33
Mongolia,MNG,2010,0.40,0.31
Mongolia,MNG,2009,0.40,0.26
Mongolia,MNG,2008,0.36,0.21
Mongolia,MNG,2007,0.36,0.19
Mongolia,MNG,2006,0.34,0.24
Mongolia,MNG,2005,0.33,0.26
Mongolia,MNG,2004,#N/A,#N/A
Mongolia,MNG,2003,#N/A,#N/A
Mongolia,MNG,2002,#N/A,#N/A
Mongolia,MNG,2002,#N/A,#N/A
Mongolia,MNG,1998,,#N/A
Mongolia,MNG,1996,,#N/A
Mozambique,MOZ,2015,0.38,0.23
Mozambique,MOZ,2014,0.38,0.24
Mozambique,MOZ,2013,0.41,0.28
Mozambique,MOZ,2012,0.47,0.26
Mozambique,MOZ,2011,0.47,0.28
Mozambique,MOZ,2010,0.51,0.31
Mozambique,MOZ,2009,0.46,0.32
Mozambique,MOZ,2008,0.44,0.19
Mozambique,MOZ,2007,0.48,0.23
Mozambique,MOZ,2006,0.46,0.22
Mozambique,MOZ,2005,0.36,0.24
Mozambique,MOZ,2004,0.41,0.19
Mozambique,MOZ,2003,0.37,0.17
Mozambique,MOZ,2002,#N/A,#N/A
Mozambique,MOZ,2002,#N/A,#N/A
Mozambique,MOZ,1998,,#N/A
Mozambique,MOZ,1996,,#N/A
Mauritania,MRT,2015,0.23,0.15
Mauritania,MRT,2014,0.29,0.29
Mauritania,MRT,2013,0.29,0.23
Mauritania,MRT,2012,0.35,0.28
Mauritania,MRT,2011,0.36,0.25
Mauritania,MRT,2010,0.33,0.25
Mauritania,MRT,2009,0.47,0.31
Mauritania,MRT,2008,0.47,0.20
Mauritania,MRT,2007,0.47,0.20
Mauritania,MRT,2006,0.50,0.17
Mauritania,MRT,2005,#N/A,#N/A
Mauritania,MRT,2004,#N/A,#N/A
Mauritania,MRT,2003,#N/A,#N/A
Mauritania,MRT,2002,#N/A,#N/A
Mauritania,MRT,2002,#N/A,#N/A
Mauritania,MRT,1998,,#N/A
Mauritania,MRT,1996,,#N/A
Mauritius,MUS,2015,0.57,0.56
Mauritius,MUS,2014,0.58,0.61
Mauritius,MUS,2013,0.55,0.60
Mauritius,MUS,2012,0.61,0.61
Mauritius,MUS,2011,0.56,0.52
Mauritius,MUS,2010,0.62,0.56
Mauritius,MUS,2009,0.60,0.51
Mauritius,MUS,2008,0.63,0.54
Mauritius,MUS,2007,0.61,0.55
Mauritius,MUS,2006,0.64,0.55
Mauritius,MUS,2005,0.51,0.50
Mauritius,MUS,2004,0.56,0.50
Mauritius,MUS,2003,0.59,0.53
Mauritius,MUS,2002,0.55,0.52
Mauritius,MUS,2002,0.40,0.54
Mauritius,MUS,1998,,#N/A
Mauritius,MUS,1996,,#N/A
Malawi,MWI,2015,0.45,0.25
Malawi,MWI,2014,0.42,0.28
Malawi,MWI,2013,0.46,0.34
Malawi,MWI,2012,0.41,0.34
Malawi,MWI,2011,0.41,0.37
Malawi,MWI,2010,0.53,0.38
Malawi,MWI,2009,0.50,0.36
Malawi,MWI,2008,0.51,0.23
Malawi,MWI,2007,#N/A,#N/A
Malawi,MWI,2006,0.49,0.18
Malawi,MWI,2005,0.36,0.17
Malawi,MWI,2004,0.50,0.23
Malawi,MWI,2003,0.47,0.23
Malawi,MWI,2002,#N/A,#N/A
Malawi,MWI,2002,#N/A,#N/A
Malawi,MWI,1998,,#N/A
Malawi,MWI,1996,,#N/A
Malaysia,MYS,2015,0.66,0.73
Malaysia,MYS,2014,0.67,0.76
Malaysia,MYS,2013,0.61,0.72
Malaysia,MYS,2012,0.60,0.68
Malaysia,MYS,2011,0.65,0.73
Malaysia,MYS,2010,0.54,0.70
Malaysia,MYS,2009,0.54,0.66
Malaysia,MYS,2008,0.59,0.69
Malaysia,MYS,2007,0.67,0.74
Malaysia,MYS,2006,0.63,0.74
Malaysia,MYS,2005,0.61,0.77
Malaysia,MYS,2004,0.58,0.76
Malaysia,MYS,2003,0.54,0.74
Malaysia,MYS,2002,0.52,0.74
Malaysia,MYS,2002,0.43,0.66
Malaysia,MYS,1998,,0.65
Malaysia,MYS,1996,,0.60
Namibia,NAM,2015,0.60,0.51
Namibia,NAM,2014,0.51,0.48
Namibia,NAM,2013,0.54,0.54
Namibia,NAM,2012,0.52,0.49
Namibia,NAM,2011,0.52,0.49
Namibia,NAM,2010,0.60,0.55
Namibia,NAM,2009,0.61,0.58
Namibia,NAM,2008,0.60,0.53
Namibia,NAM,2007,0.52,0.45
Namibia,NAM,2006,0.53,0.45
Namibia,NAM,2005,0.43,0.46
Namibia,NAM,2004,0.61,0.59
Namibia,NAM,2003,0.52,0.57
Namibia,NAM,2002,0.54,0.54
Namibia,NAM,2002,#N/A,#N/A
Namibia,NAM,1998,,#N/A
Namibia,NAM,1996,,#N/A
Nigeria,NGA,2015,0.41,0.24
Nigeria,NGA,2014,0.40,0.25
Nigeria,NGA,2013,0.38,0.28
Nigeria,NGA,2012,0.42,0.31
Nigeria,NGA,2011,0.43,0.33
Nigeria,NGA,2010,0.42,0.28
Nigeria,NGA,2009,0.43,0.23
Nigeria,NGA,2008,0.47,0.38
Nigeria,NGA,2007,0.45,0.31
Nigeria,NGA,2006,0.51,0.23
Nigeria,NGA,2005,0.40,0.24
Nigeria,NGA,2004,0.40,0.20
Nigeria,NGA,2003,0.40,0.13
Nigeria,NGA,2002,0.39,0.14
Nigeria,NGA,2002,0.17,0.17
Nigeria,NGA,1998,,#N/A
Nigeria,NGA,1996,,#N/A
Nicaragua,NIC,2015,0.32,0.31
Nicaragua,NIC,2014,0.32,0.28
Nicaragua,NIC,2013,0.43,0.37
Nicaragua,NIC,2012,0.43,0.38
Nicaragua,NIC,2011,0.32,0.30
Nicaragua,NIC,2010,0.31,0.27
Nicaragua,NIC,2009,0.39,0.33
Nicaragua,NIC,2008,0.37,0.19
Nicaragua,NIC,2007,0.40,0.20
Nicaragua,NIC,2006,0.44,0.23
Nicaragua,NIC,2005,0.38,0.22
Nicaragua,NIC,2004,0.37,0.20
Nicaragua,NIC,2003,0.37,0.13
Nicaragua,NIC,2002,0.30,0.11
Nicaragua,NIC,2002,0.20,0.15
Nicaragua,NIC,1998,,#N/A
Nicaragua,NIC,1996,,0.25
Netherlands,NLD,2015,0.79,0.83
Netherlands,NLD,2014,0.76,0.85
Netherlands,NLD,2013,0.73,0.82
Netherlands,NLD,2012,0.77,0.83
Netherlands,NLD,2011,0.75,0.81
Netherlands,NLD,2010,0.73,0.77
Netherlands,NLD,2009,0.74,0.78
Netherlands,NLD,2008,0.77,0.75
Netherlands,NLD,2007,0.78,0.76
Netherlands,NLD,2006,0.79,0.80
Netherlands,NLD,2005,0.71,0.80
Netherlands,NLD,2004,0.73,0.84
Netherlands,NLD,2003,0.69,0.82
Netherlands,NLD,2002,0.67,0.82
Netherlands,NLD,2002,0.65,0.87
Netherlands,NLD,1998,,0.74
Netherlands,NLD,1996,,0.70
Norway,NOR,2015,0.82,0.68
Norway,NOR,2014,0.78,0.70
Norway,NOR,2013,0.77,0.68
Norway,NOR,2012,0.77,0.69
Norway,NOR,2011,0.76,0.61
Norway,NOR,2010,0.78,0.63
Norway,NOR,2009,0.77,0.65
Norway,NOR,2008,0.81,0.59
Norway,NOR,2007,0.79,0.73
Norway,NOR,2006,0.77,0.72
Norway,NOR,2005,0.71,0.72
Norway,NOR,2004,0.76,0.79
Norway,NOR,2003,0.62,0.67
Norway,NOR,2002,0.64,0.70
Norway,NOR,2002,0.57,0.77
Norway,NOR,1998,,0.58
Norway,NOR,1996,,0.63
Nepal,NPL,2015,0.45,0.32
Nepal,NPL,2014,0.43,0.38
Nepal,NPL,2013,0.37,0.36
Nepal,NPL,2012,0.46,0.35
Nepal,NPL,2011,0.43,0.35
Nepal,NPL,2010,0.42,0.30
Nepal,NPL,2009,0.39,0.24
Nepal,NPL,2008,0.41,0.20
Nepal,NPL,2007,0.44,0.25
Nepal,NPL,2006,0.36,0.14
Nepal,NPL,2005,#N/A,#N/A
Nepal,NPL,2004,#N/A,#N/A
Nepal,NPL,2003,#N/A,#N/A
Nepal,NPL,2002,#N/A,#N/A
Nepal,NPL,2002,#N/A,#N/A
Nepal,NPL,1998,,#N/A
Nepal,NPL,1996,,#N/A
New Zealand,NZL,2015,0.83,0.71
New Zealand,NZL,2014,0.85,0.76
New Zealand,NZL,2013,0.81,0.72
New Zealand,NZL,2012,0.82,0.73
New Zealand,NZL,2011,0.84,0.72
New Zealand,NZL,2010,0.84,0.69
New Zealand,NZL,2009,0.86,0.75
New Zealand,NZL,2008,0.73,0.62
New Zealand,NZL,2007,0.77,0.61
New Zealand,NZL,2006,0.80,0.67
New Zealand,NZL,2005,0.76,0.71
New Zealand,NZL,2004,0.75,0.70
New Zealand,NZL,2003,0.73,0.73
New Zealand,NZL,2002,0.69,0.76
New Zealand,NZL,2002,0.77,0.78
New Zealand,NZL,1998,,0.65
New Zealand,NZL,1996,,0.63
Oman,OMN,2015,0.48,0.51
Oman,OMN,2014,0.48,0.57
Oman,OMN,2013,0.48,0.58
Oman,OMN,2012,0.60,0.64
Oman,OMN,2011,0.54,0.62
Oman,OMN,2010,0.62,0.69
Oman,OMN,2009,0.58,0.64
Oman,OMN,2008,0.58,0.63
Oman,OMN,2007,0.56,0.54
Oman,OMN,2006,#N/A,#N/A
Oman,OMN,2005,#N/A,#N/A
Oman,OMN,2004,#N/A,#N/A
Oman,OMN,2003,#N/A,#N/A
Oman,OMN,2002,0.69,0.58
Oman,OMN,2002,#N/A,#N/A
Oman,OMN,1998,,#N/A
Oman,OMN,1996,,#N/A
Pakistan,PAK,2015,0.45,0.38
Pakistan,PAK,2014,0.44,0.35
Pakistan,PAK,2013,0.44,0.35
Pakistan,PAK,2012,0.42,0.36
Pakistan,PAK,2011,0.44,0.36
Pakistan,PAK,2010,0.44,0.38
Pakistan,PAK,2009,0.46,0.36
Pakistan,PAK,2008,0.43,0.32
Pakistan,PAK,2007,0.45,0.38
Pakistan,PAK,2006,0.45,0.36
Pakistan,PAK,2005,0.40,0.31
Pakistan,PAK,2004,0.30,0.26
Pakistan,PAK,2003,0.44,0.24
Pakistan,PAK,2002,#N/A,#N/A
Pakistan,PAK,2002,#N/A,#N/A
Pakistan,PAK,1998,,#N/A
Pakistan,PAK,1996,,#N/A
Panama,PAN,2015,0.51,0.48
Panama,PAN,2014,0.44,0.54
Panama,PAN,2013,0.46,0.55
Panama,PAN,2012,0.52,0.56
Panama,PAN,2011,0.40,0.42
Panama,PAN,2010,0.47,0.40
Panama,PAN,2009,0.46,0.40
Panama,PAN,2008,0.45,0.39
Panama,PAN,2007,0.45,0.43
Panama,PAN,2006,0.49,0.40
Panama,PAN,2005,0.39,0.36
Panama,PAN,2004,0.34,0.40
Panama,PAN,2003,0.34,0.36
Panama,PAN,2002,0.35,0.39
Panama,PAN,2002,0.22,0.33
Panama,PAN,1998,,#N/A
Panama,PAN,1996,,#N/A
Peru,PER,2015,0.45,0.28
Peru,PER,2014,0.39,0.29
Peru,PER,2013,0.47,0.34
Peru,PER,2012,0.46,0.30
Peru,PER,2011,0.45,0.29
Peru,PER,2010,0.45,0.33
Peru,PER,2009,0.47,0.28
Peru,PER,2008,0.48,0.21
Peru,PER,2007,0.45,0.22
Peru,PER,2006,0.49,0.18
Peru,PER,2005,0.38,0.20
Peru,PER,2004,0.38,0.21
Peru,PER,2003,0.40,0.20
Peru,PER,2002,0.39,0.20
Peru,PER,2002,0.32,0.28
Peru,PER,1998,,0.29
Peru,PER,1996,,0.29
Philippines,PHL,2015,0.49,0.41
Philippines,PHL,2014,0.51,0.50
Philippines,PHL,2013,0.54,0.48
Philippines,PHL,2012,0.55,0.47
Philippines,PHL,2011,0.47,0.40
Philippines,PHL,2010,0.44,0.38
Philippines,PHL,2009,0.43,0.36
Philippines,PHL,2008,0.40,0.35
Philippines,PHL,2007,0.47,0.38
Philippines,PHL,2006,0.44,0.27
Philippines,PHL,2005,0.44,0.23
Philippines,PHL,2004,0.42,0.24
Philippines,PHL,2003,0.44,0.21
Philippines,PHL,2002,0.42,0.21
Philippines,PHL,2002,0.28,0.23
Philippines,PHL,1998,,0.39
Philippines,PHL,1996,,0.39
Poland,POL,2015,0.43,0.53
Poland,POL,2014,0.47,0.55
Poland,POL,2013,0.43,0.51
Poland,POL,2012,0.50,0.52
Poland,POL,2011,0.51,0.50
Poland,POL,2010,0.52,0.51
Poland,POL,2009,0.47,0.46
Poland,POL,2008,0.39,0.38
Poland,POL,2007,0.39,0.35
Poland,POL,2006,0.42,0.45
Poland,POL,2005,0.44,0.46
Poland,POL,2004,0.33,0.40
Poland,POL,2003,0.42,0.44
Poland,POL,2002,0.41,0.43
Poland,POL,2002,0.35,0.55
Poland,POL,1998,,0.43
Poland,POL,1996,,0.45
Puerto Rico,PRI,2015,0.51,0.53
Puerto Rico,PRI,2014,0.53,0.56
Puerto Rico,PRI,2013,0.50,0.54
Puerto Rico,PRI,2012,0.55,0.56
Puerto Rico,PRI,2011,0.48,0.54
Puerto Rico,PRI,2010,0.49,0.53
Puerto Rico,PRI,2009,0.48,0.54
Puerto Rico,PRI,2008,0.50,0.55
Puerto Rico,PRI,2007,0.49,0.55
Puerto Rico,PRI,2006,#N/A,#N/A
Puerto Rico,PRI,2005,#N/A,#N/A
Puerto Rico,PRI,2004,#N/A,#N/A
Puerto Rico,PRI,2003,#N/A,#N/A
Puerto Rico,PRI,2002,#N/A,#N/A
Puerto Rico,PRI,2002,#N/A,#N/A
Puerto Rico,PRI,1998,,#N/A
Puerto Rico,PRI,1996,,#N/A
Portugal,PRT,2015,0.54,0.69
Portugal,PRT,2014,0.56,0.74
Portugal,PRT,2013,0.50,0.72
Portugal,PRT,2012,0.56,0.70
Portugal,PRT,2011,0.50,0.67
Portugal,PRT,2010,0.51,0.65
Portugal,PRT,2009,0.54,0.64
Portugal,PRT,2008,0.57,0.61
Portugal,PRT,2007,0.62,0.57
Portugal,PRT,2006,0.67,0.61
Portugal,PRT,2005,0.64,0.64
Portugal,PRT,2004,0.58,0.61
Portugal,PRT,2003,0.58,0.61
Portugal,PRT,2002,0.53,0.67
Portugal,PRT,2002,0.45,0.56
Portugal,PRT,1998,,0.39
Portugal,PRT,1996,,0.41
Paraguay,PRY,2015,0.43,0.21
Paraguay,PRY,2014,0.43,0.22
Paraguay,PRY,2013,0.41,0.24
Paraguay,PRY,2012,0.44,0.21
Paraguay,PRY,2011,0.42,0.21
Paraguay,PRY,2010,0.44,0.18
Paraguay,PRY,2009,0.40,0.20
Paraguay,PRY,2008,0.36,0.13
Paraguay,PRY,2007,0.33,0.17
Paraguay,PRY,2006,0.37,0.15
Paraguay,PRY,2005,0.31,0.17
Paraguay,PRY,2004,0.35,0.20
Paraguay,PRY,2003,0.26,0.16
Paraguay,PRY,2002,0.31,0.17
Paraguay,PRY,2002,0.27,0.22
Paraguay,PRY,1998,,#N/A
Paraguay,PRY,1996,,#N/A
Qatar,QAT,2015,0.77,0.79
Qatar,QAT,2014,0.78,0.77
Qatar,QAT,2013,0.81,0.76
Qatar,QAT,2012,0.76,0.76
Qatar,QAT,2011,..,..
Qatar,QAT,2010,0.65,0.74
Qatar,QAT,2009,0.78,0.76
Qatar,QAT,2008,0.66,0.61
Qatar,QAT,2007,0.61,0.64
Qatar,QAT,2006,0.58,0.57
Qatar,QAT,2005,0.55,0.52
Qatar,QAT,2004,#N/A,#N/A
Qatar,QAT,2003,#N/A,#N/A
Qatar,QAT,2002,0.42,0.56
Qatar,QAT,2002,#N/A,#N/A
Qatar,QAT,1998,,#N/A
Qatar,QAT,1996,,#N/A
Romania,ROM,2015,0.41,0.46
Romania,ROM,2014,0.46,0.51
Romania,ROM,2013,0.41,0.47
Romania,ROM,2012,0.39,0.36
Romania,ROM,2011,0.36,0.36
Romania,ROM,2010,0.40,0.37
Romania,ROM,2009,0.37,0.36
Romania,ROM,2008,0.42,0.34
Romania,ROM,2007,0.39,0.34
Romania,ROM,2006,0.37,0.40
Romania,ROM,2005,0.38,0.45
Romania,ROM,2004,0.38,0.47
Romania,ROM,2003,0.31,0.47
Romania,ROM,2002,0.33,0.41
Romania,ROM,2002,0.45,0.60
Romania,ROM,1998,,#N/A
Romania,ROM,1996,,#N/A
Russian Federation,RUS,2015,0.48,0.56
Russian Federation,RUS,2014,0.44,0.55
Russian Federation,RUS,2013,0.41,0.51
Russian Federation,RUS,2012,0.36,0.47
Russian Federation,RUS,2011,0.34,0.47
Russian Federation,RUS,2010,0.39,0.48
Russian Federation,RUS,2009,0.37,0.45
Russian Federation,RUS,2008,0.37,0.49
Russian Federation,RUS,2007,0.40,0.47
Russian Federation,RUS,2006,0.36,0.37
Russian Federation,RUS,2005,0.32,0.42
Russian Federation,RUS,2004,0.36,0.46
Russian Federation,RUS,2003,0.34,0.45
Russian Federation,RUS,2002,0.35,0.43
Russian Federation,RUS,2002,0.45,0.42
Russian Federation,RUS,1998,,0.49
Russian Federation,RUS,1996,,0.47
Rwanda,RWA,2015,0.75,0.58
Rwanda,RWA,2014,0.70,0.61
Rwanda,RWA,2013,0.68,0.54
Rwanda,RWA,2012,0.67,0.55
Rwanda,RWA,2011,0.67,0.55
Rwanda,RWA,2010,0.66,0.56
Rwanda,RWA,2009,#N/A,#N/A
Rwanda,RWA,2008,#N/A,#N/A
Rwanda,RWA,2007,#N/A,#N/A
Rwanda,RWA,2006,#N/A,#N/A
Rwanda,RWA,2005,#N/A,#N/A
Rwanda,RWA,2004,#N/A,#N/A
Rwanda,RWA,2003,#N/A,#N/A
Rwanda,RWA,2002,#N/A,#N/A
Rwanda,RWA,2002,#N/A,#N/A
Rwanda,RWA,1998,,#N/A
Rwanda,RWA,1996,,#N/A
Saudi Arabia,SAU,2015,0.65,0.58
Saudi Arabia,SAU,2014,0.53,0.58
Saudi Arabia,SAU,2013,0.58,0.64
Saudi Arabia,SAU,2012,0.59,0.68
Saudi Arabia,SAU,2011,..,..
Saudi Arabia,SAU,2010,0.68,0.71
Saudi Arabia,SAU,2009,0.55,0.57
Saudi Arabia,SAU,2008,0.55,0.54
Saudi Arabia,SAU,2007,0.50,0.47
Saudi Arabia,SAU,2006,#N/A,#N/A
Saudi Arabia,SAU,2005,#N/A,#N/A
Saudi Arabia,SAU,2004,#N/A,#N/A
Saudi Arabia,SAU,2003,#N/A,#N/A
Saudi Arabia,SAU,2002,0.21,0.43
Saudi Arabia,SAU,2002,#N/A,#N/A
Saudi Arabia,SAU,1998,,#N/A
Saudi Arabia,SAU,1996,,#N/A
Senegal,SEN,2015,0.56,0.47
Senegal,SEN,2014,0.51,0.41
Senegal,SEN,2013,0.50,0.40
Senegal,SEN,2012,0.51,0.37
Senegal,SEN,2011,0.44,0.43
Senegal,SEN,2010,0.46,0.43
Senegal,SEN,2009,0.42,0.44
Senegal,SEN,2008,0.42,0.54
Senegal,SEN,2007,0.36,0.35
Senegal,SEN,2006,#N/A,#N/A
Senegal,SEN,2005,#N/A,#N/A
Senegal,SEN,2004,#N/A,#N/A
Senegal,SEN,2003,0.48,0.22
Senegal,SEN,2002,#N/A,#N/A
Senegal,SEN,2002,#N/A,#N/A
Senegal,SEN,1998,,#N/A
Senegal,SEN,1996,,#N/A
Singapore,SGP,2015,0.78,0.88
Singapore,SGP,2014,0.73,0.87
Singapore,SGP,2013,0.73,0.85
Singapore,SGP,2012,0.75,0.88
Singapore,SGP,2011,0.76,0.89
Singapore,SGP,2010,0.76,0.89
Singapore,SGP,2009,0.76,0.90
Singapore,SGP,2008,0.77,0.93
Singapore,SGP,2007,0.75,0.89
Singapore,SGP,2006,0.71,0.89
Singapore,SGP,2005,0.65,0.90
Singapore,SGP,2004,0.69,0.89
Singapore,SGP,2003,0.71,0.92
Singapore,SGP,2002,0.69,0.88
Singapore,SGP,2002,0.70,0.93
Singapore,SGP,1998,,0.90
Singapore,SGP,1996,,0.92
Sierra Leone,SLE,2015,0.37,0.26
Sierra Leone,SLE,2014,0.41,0.27
Sierra Leone,SLE,2013,0.48,0.34
Sierra Leone,SLE,2012,0.50,0.34
Sierra Leone,SLE,2011,#N/A,#N/A
Sierra Leone,SLE,2010,#N/A,#N/A
Sierra Leone,SLE,2009,#N/A,#N/A
Sierra Leone,SLE,2008,#N/A,#N/A
Sierra Leone,SLE,2007,#N/A,#N/A
Sierra Leone,SLE,2006,#N/A,#N/A
Sierra Leone,SLE,2005,#N/A,#N/A
Sierra Leone,SLE,2004,#N/A,#N/A
Sierra Leone,SLE,2003,#N/A,#N/A
Sierra Leone,SLE,2002,#N/A,#N/A
Sierra Leone,SLE,2002,#N/A,#N/A
Sierra Leone,SLE,1998,,#N/A
Sierra Leone,SLE,1996,,#N/A
El Salvador,SLV,2015,0.38,0.33
El Salvador,SLV,2014,0.49,0.52
El Salvador,SLV,2013,0.37,0.44
El Salvador,SLV,2012,0.34,0.39
El Salvador,SLV,2011,0.42,0.40
El Salvador,SLV,2010,0.43,0.45
El Salvador,SLV,2009,0.51,0.51
El Salvador,SLV,2008,0.45,0.43
El Salvador,SLV,2007,0.48,0.46
El Salvador,SLV,2006,0.53,0.47
El Salvador,SLV,2005,0.45,0.44
El Salvador,SLV,2004,0.48,0.41
El Salvador,SLV,2003,0.49,0.34
El Salvador,SLV,2002,0.46,0.28
El Salvador,SLV,2002,0.30,0.28
El Salvador,SLV,1998,,#N/A
El Salvador,SLV,1996,,0.33
Serbia,SRB,2015,0.36,0.39
Serbia,SRB,2014,0.38,0.42
Serbia,SRB,2013,0.38,0.44
Serbia,SRB,2012,0.38,0.41
Serbia,SRB,2011,0.39,0.38
Serbia,SRB,2010,0.40,0.42
Serbia,SRB,2009,0.37,0.42
Serbia,SRB,2008,0.41,0.36
Serbia,SRB,2007,0.43,0.37
Serbia,SRB,2006,0.51,0.39
Serbia,SRB,2005,0.41,0.31
Serbia,SRB,2004,0.37,0.34
Serbia,SRB,2003,0.44,0.29
Serbia,SRB,2002,#N/A,#N/A
Serbia,SRB,2002,#N/A,#N/A
Serbia,SRB,1998,,#N/A
Serbia,SRB,1996,,#N/A
Suriname,SUR,2015,#N/A,#N/A
Suriname,SUR,2014,0.37,0.49
Suriname,SUR,2013,0.40,0.49
Suriname,SUR,2012,0.41,0.50
Suriname,SUR,2011,0.39,0.47
Suriname,SUR,2010,0.40,0.51
Suriname,SUR,2009,0.40,0.51
Suriname,SUR,2008,0.40,0.38
Suriname,SUR,2007,0.37,0.29
Suriname,SUR,2006,0.38,0.30
Suriname,SUR,2005,#N/A,#N/A
Suriname,SUR,2004,#N/A,#N/A
Suriname,SUR,2003,#N/A,#N/A
Suriname,SUR,2002,#N/A,#N/A
Suriname,SUR,2002,#N/A,#N/A
Suriname,SUR,1998,,#N/A
Suriname,SUR,1996,,#N/A
Slovak Republic,SVK,2015,0.43,0.56
Slovak Republic,SVK,2014,0.44,0.57
Slovak Republic,SVK,2013,0.41,0.52
Slovak Republic,SVK,2012,0.44,0.56
Slovak Republic,SVK,2011,0.47,0.52
Slovak Republic,SVK,2010,0.40,0.52
Slovak Republic,SVK,2009,0.47,0.57
Slovak Republic,SVK,2008,0.43,0.50
Slovak Republic,SVK,2007,0.50,0.44
Slovak Republic,SVK,2006,0.61,0.56
Slovak Republic,SVK,2005,0.48,0.55
Slovak Republic,SVK,2004,0.46,0.57
Slovak Republic,SVK,2003,0.45,0.56
Slovak Republic,SVK,2002,0.40,0.60
Slovak Republic,SVK,2002,0.37,0.78
Slovak Republic,SVK,1998,,0.61
Slovak Republic,SVK,1996,,0.63
Slovenia,SVN,2015,0.45,0.65
Slovenia,SVN,2014,0.42,0.69
Slovenia,SVN,2013,0.42,0.70
Slovenia,SVN,2012,0.46,0.69
Slovenia,SVN,2011,..,..
Slovenia,SVN,2010,0.47,0.65
Slovenia,SVN,2009,0.59,0.70
Slovenia,SVN,2008,0.49,0.68
Slovenia,SVN,2007,0.51,0.58
Slovenia,SVN,2006,0.53,0.60
Slovenia,SVN,2005,0.50,0.65
Slovenia,SVN,2004,0.49,0.64
Slovenia,SVN,2003,0.51,0.66
Slovenia,SVN,2002,0.54,0.66
Slovenia,SVN,2002,0.42,0.63
Slovenia,SVN,1998,,#N/A
Slovenia,SVN,1996,,#N/A
Sweden,SWE,2015,0.82,0.69
Sweden,SWE,2014,0.70,0.69
Sweden,SWE,2013,0.82,0.72
Sweden,SWE,2012,0.77,0.73
Sweden,SWE,2011,0.84,0.73
Sweden,SWE,2010,0.86,0.79
Sweden,SWE,2009,0.85,0.81
Sweden,SWE,2008,0.84,0.75
Sweden,SWE,2007,0.83,0.81
Sweden,SWE,2006,0.76,0.74
Sweden,SWE,2005,0.71,0.75
Sweden,SWE,2004,0.78,0.81
Sweden,SWE,2003,0.76,0.84
Sweden,SWE,2002,0.66,0.83
Sweden,SWE,2002,0.65,0.82
Sweden,SWE,1998,,0.64
Sweden,SWE,1996,,0.62
Swaziland,SWZ,2015,0.39,0.48
Swaziland,SWZ,2014,0.38,0.49
Swaziland,SWZ,2013,0.47,0.58
Swaziland,SWZ,2012,0.37,0.51
Swaziland,SWZ,2011,0.33,0.43
Swaziland,SWZ,2010,0.43,0.54
Swaziland,SWZ,2009,#N/A,#N/A
Swaziland,SWZ,2008,#N/A,#N/A
Swaziland,SWZ,2007,#N/A,#N/A
Swaziland,SWZ,2006,#N/A,#N/A
Swaziland,SWZ,2005,#N/A,#N/A
Swaziland,SWZ,2004,#N/A,#N/A
Swaziland,SWZ,2003,#N/A,#N/A
Swaziland,SWZ,2002,#N/A,#N/A
Swaziland,SWZ,2002,#N/A,#N/A
Swaziland,SWZ,1998,,#N/A
Swaziland,SWZ,1996,,#N/A
Seychelles,SYC,2015,0.66,0.73
Seychelles,SYC,2014,0.44,0.61
Seychelles,SYC,2013,0.51,0.59
Seychelles,SYC,2012,0.51,0.60
Seychelles,SYC,2011,#N/A,#N/A
Seychelles,SYC,2010,#N/A,#N/A
Seychelles,SYC,2009,#N/A,#N/A
Seychelles,SYC,2008,#N/A,#N/A
Seychelles,SYC,2007,#N/A,#N/A
Seychelles,SYC,2006,#N/A,#N/A
Seychelles,SYC,2005,#N/A,#N/A
Seychelles,SYC,2004,#N/A,#N/A
Seychelles,SYC,2003,#N/A,#N/A
Seychelles,SYC,2002,#N/A,#N/A
Seychelles,SYC,2002,#N/A,#N/A
Seychelles,SYC,1998,,#N/A
Seychelles,SYC,1996,,#N/A
Syrian Arab Republic,SYR,2015,#N/A,#N/A
Syrian Arab Republic,SYR,2014,#N/A,#N/A
Syrian Arab Republic,SYR,2013,#N/A,#N/A
Syrian Arab Republic,SYR,2012,#N/A,#N/A
Syrian Arab Republic,SYR,2011,0.34,0.50
Syrian Arab Republic,SYR,2010,0.35,0.41
Syrian Arab Republic,SYR,2009,0.39,0.41
Syrian Arab Republic,SYR,2008,0.43,0.41
Syrian Arab Republic,SYR,2007,0.39,0.35
Syrian Arab Republic,SYR,2006,#N/A,#N/A
Syrian Arab Republic,SYR,2005,#N/A,#N/A
Syrian Arab Republic,SYR,2004,#N/A,#N/A
Syrian Arab Republic,SYR,2003,#N/A,#N/A
Syrian Arab Republic,SYR,2002,#N/A,#N/A
Syrian Arab Republic,SYR,2002,#N/A,#N/A
Syrian Arab Republic,SYR,1998,,#N/A
Syrian Arab Republic,SYR,1996,,#N/A
Chad,TCD,2015,0.31,0.24
Chad,TCD,2014,0.33,0.26
Chad,TCD,2013,0.25,0.18
Chad,TCD,2012,0.32,0.25
Chad,TCD,2011,0.32,0.31
Chad,TCD,2010,0.34,0.27
Chad,TCD,2009,0.33,0.27
Chad,TCD,2008,0.25,0.13
Chad,TCD,2007,0.32,0.15
Chad,TCD,2006,0.26,0.13
Chad,TCD,2005,0.29,0.14
Chad,TCD,2004,0.33,0.11
Chad,TCD,2003,0.23,0.09
Chad,TCD,2002,#N/A,#N/A
Chad,TCD,2002,#N/A,#N/A
Chad,TCD,1998,,#N/A
Chad,TCD,1996,,#N/A
Thailand,THA,2015,0.48,0.46
Thailand,THA,2014,0.39,0.46
Thailand,THA,2013,0.42,0.47
Thailand,THA,2012,0.41,0.54
Thailand,THA,2011,0.48,0.49
Thailand,THA,2010,0.49,0.54
Thailand,THA,2009,0.50,0.55
Thailand,THA,2008,0.49,0.54
Thailand,THA,2007,0.56,0.61
Thailand,THA,2006,0.57,0.55
Thailand,THA,2005,0.52,0.55
Thailand,THA,2004,0.50,0.52
Thailand,THA,2003,0.56,0.57
Thailand,THA,2002,0.48,0.54
Thailand,THA,2002,0.42,0.54
Thailand,THA,1998,,0.45
Thailand,THA,1996,,0.44
Tajikistan,TJK,2015,0.56,0.53
Tajikistan,TJK,2014,0.48,0.42
Tajikistan,TJK,2013,#N/A,#N/A
Tajikistan,TJK,2012,0.52,0.46
Tajikistan,TJK,2011,0.51,0.39
Tajikistan,TJK,2010,0.50,0.45
Tajikistan,TJK,2009,0.49,0.32
Tajikistan,TJK,2008,0.44,0.36
Tajikistan,TJK,2007,0.42,0.31
Tajikistan,TJK,2006,0.41,0.25
Tajikistan,TJK,2005,0.39,0.27
Tajikistan,TJK,2004,#N/A,#N/A
Tajikistan,TJK,2003,#N/A,#N/A
Tajikistan,TJK,2002,#N/A,#N/A
Tajikistan,TJK,2002,#N/A,#N/A
Tajikistan,TJK,1998,,#N/A
Tajikistan,TJK,1996,,#N/A
Timor-Leste,TMP,2015,#N/A,#N/A
Timor-Leste,TMP,2014,0.42,0.25
Timor-Leste,TMP,2013,0.38,0.23
Timor-Leste,TMP,2012,0.55,0.30
Timor-Leste,TMP,2011,0.47,0.28
Timor-Leste,TMP,2010,0.50,0.23
Timor-Leste,TMP,2009,0.40,0.27
Timor-Leste,TMP,2008,0.44,0.18
Timor-Leste,TMP,2007,0.34,0.15
Timor-Leste,TMP,2006,0.31,0.13
Timor-Leste,TMP,2005,0.32,0.16
Timor-Leste,TMP,2004,#N/A,#N/A
Timor-Leste,TMP,2003,#N/A,#N/A
Timor-Leste,TMP,2002,#N/A,#N/A
Timor-Leste,TMP,2002,#N/A,#N/A
Timor-Leste,TMP,1998,,#N/A
Timor-Leste,TMP,1996,,#N/A
Trinidad and Tobago,TTO,2015,0.45,0.57
Trinidad and Tobago,TTO,2014,0.43,0.58
Trinidad and Tobago,TTO,2013,0.43,0.60
Trinidad and Tobago,TTO,2012,0.48,0.59
Trinidad and Tobago,TTO,2011,0.47,0.57
Trinidad and Tobago,TTO,2010,0.47,0.55
Trinidad and Tobago,TTO,2009,0.46,0.57
Trinidad and Tobago,TTO,2008,0.41,0.45
Trinidad and Tobago,TTO,2007,0.47,0.48
Trinidad and Tobago,TTO,2006,0.49,0.43
Trinidad and Tobago,TTO,2005,0.41,0.41
Trinidad and Tobago,TTO,2004,0.46,0.43
Trinidad and Tobago,TTO,2003,0.48,0.51
Trinidad and Tobago,TTO,2002,0.48,0.55
Trinidad and Tobago,TTO,2002,0.28,0.64
Trinidad and Tobago,TTO,1998,,#N/A
Trinidad and Tobago,TTO,1996,,#N/A
Tunisia,TUN,2015,0.53,0.43
Tunisia,TUN,2014,0.47,0.46
Tunisia,TUN,2013,0.47,0.53
Tunisia,TUN,2012,#N/A,#N/A
Tunisia,TUN,2011,0.41,0.54
Tunisia,TUN,2010,0.64,0.69
Tunisia,TUN,2009,0.59,0.69
Tunisia,TUN,2008,0.62,0.66
Tunisia,TUN,2007,0.67,0.70
Tunisia,TUN,2006,0.63,0.67
Tunisia,TUN,2005,0.51,0.63
Tunisia,TUN,2004,0.53,0.64
Tunisia,TUN,2003,0.59,0.67
Tunisia,TUN,2002,0.58,0.68
Tunisia,TUN,2002,#N/A,#N/A
Tunisia,TUN,1998,,#N/A
Tunisia,TUN,1996,,#N/A
Turkey,TUR,2015,0.42,0.49
Turkey,TUR,2014,0.42,0.54
Turkey,TUR,2013,0.49,0.56
Turkey,TUR,2012,0.49,0.53
Turkey,TUR,2011,0.47,0.56
Turkey,TUR,2010,0.44,0.54
Turkey,TUR,2009,0.45,0.52
Turkey,TUR,2008,0.48,0.39
Turkey,TUR,2007,0.54,0.48
Turkey,TUR,2006,0.56,0.38
Turkey,TUR,2005,0.46,0.39
Turkey,TUR,2004,0.42,0.35
Turkey,TUR,2003,0.46,0.37
Turkey,TUR,2002,0.39,0.42
Turkey,TUR,2002,0.35,0.40
Turkey,TUR,1998,,0.42
Turkey,TUR,1996,,0.55
"Taiwan, China",TWN,2015,0.62,0.74
"Taiwan, China",TWN,2014,0.62,0.71
"Taiwan, China",TWN,2013,0.62,0.75
"Taiwan, China",TWN,2012,0.65,0.75
"Taiwan, China",TWN,2011,0.67,0.77
"Taiwan, China",TWN,2010,0.64,0.79
"Taiwan, China",TWN,2009,0.61,0.80
"Taiwan, China",TWN,2008,0.62,0.71
"Taiwan, China",TWN,2007,0.55,0.68
"Taiwan, China",TWN,2006,0.60,0.72
"Taiwan, China",TWN,2005,0.61,0.74
"Taiwan, China",TWN,2004,0.62,0.71
"Taiwan, China",TWN,2003,0.62,0.70
"Taiwan, China",TWN,2002,0.59,0.73
"Taiwan, China",TWN,2002,0.60,0.75
"Taiwan, China",TWN,1998,,0.64
"Taiwan, China",TWN,1996,,0.57
Tanzania,TZA,2015,0.47,0.34
Tanzania,TZA,2014,0.42,0.31
Tanzania,TZA,2013,0.41,0.28
Tanzania,TZA,2012,0.47,0.32
Tanzania,TZA,2011,0.53,0.36
Tanzania,TZA,2010,0.47,0.35
Tanzania,TZA,2009,0.51,0.28
Tanzania,TZA,2008,0.48,0.21
Tanzania,TZA,2007,0.55,0.32
Tanzania,TZA,2006,0.63,0.29
Tanzania,TZA,2005,0.54,0.30
Tanzania,TZA,2004,0.47,0.24
Tanzania,TZA,2003,0.51,0.31
Tanzania,TZA,2002,#N/A,#N/A
Tanzania,TZA,2002,#N/A,#N/A
Tanzania,TZA,1998,,#N/A
Tanzania,TZA,1996,,#N/A
Uganda,UGA,2015,0.47,0.37
Uganda,UGA,2014,0.45,0.38
Uganda,UGA,2013,0.43,0.36
Uganda,UGA,2012,0.51,0.36
Uganda,UGA,2011,0.45,0.41
Uganda,UGA,2010,0.46,0.40
Uganda,UGA,2009,0.45,0.32
Uganda,UGA,2008,0.44,0.26
Uganda,UGA,2007,0.43,0.34
Uganda,UGA,2006,0.48,0.27
Uganda,UGA,2005,0.42,0.23
Uganda,UGA,2004,0.47,0.29
Uganda,UGA,2003,0.39,0.26
Uganda,UGA,2002,#N/A,#N/A
Uganda,UGA,2002,#N/A,#N/A
Uganda,UGA,1998,,#N/A
Uganda,UGA,1996,,#N/A
Ukraine,UKR,2015,0.40,0.48
Ukraine,UKR,2014,0.43,0.58
Ukraine,UKR,2013,0.33,0.56
Ukraine,UKR,2012,0.34,0.65
Ukraine,UKR,2011,0.36,0.53
Ukraine,UKR,2010,0.33,0.57
Ukraine,UKR,2009,0.35,0.50
Ukraine,UKR,2008,0.44,0.49
Ukraine,UKR,2007,0.36,0.43
Ukraine,UKR,2006,0.39,0.42
Ukraine,UKR,2005,0.37,0.42
Ukraine,UKR,2004,0.26,0.42
Ukraine,UKR,2003,0.27,0.44
Ukraine,UKR,2002,0.26,0.34
Ukraine,UKR,2002,0.18,0.43
Ukraine,UKR,1998,,0.43
Ukraine,UKR,1996,,0.42
Uruguay,URY,2015,0.65,0.41
Uruguay,URY,2014,0.58,0.45
Uruguay,URY,2013,0.61,0.44
Uruguay,URY,2012,0.59,0.40
Uruguay,URY,2011,0.61,0.48
Uruguay,URY,2010,0.64,0.54
Uruguay,URY,2009,0.57,0.53
Uruguay,URY,2008,0.56,0.44
Uruguay,URY,2007,0.54,0.44
Uruguay,URY,2006,0.52,0.43
Uruguay,URY,2005,0.53,0.48
Uruguay,URY,2004,0.49,0.47
Uruguay,URY,2003,0.49,0.49
Uruguay,URY,2002,0.50,0.49
Uruguay,URY,2002,0.43,0.52
Uruguay,URY,1998,,#N/A
Uruguay,URY,1996,,#N/A
United States,USA,2015,0.64,0.73
United States,USA,2014,0.57,0.70
United States,USA,2013,0.58,0.71
United States,USA,2012,0.55,0.71
United States,USA,2011,0.55,0.66
United States,USA,2010,0.57,0.70
United States,USA,2009,0.58,0.70
United States,USA,2008,0.65,0.75
United States,USA,2007,0.61,0.77
United States,USA,2006,0.67,0.73
United States,USA,2005,0.66,0.79
United States,USA,2004,0.69,0.78
United States,USA,2003,0.71,0.78
United States,USA,2002,0.72,0.78
United States,USA,2002,0.53,0.82
United States,USA,1998,,0.67
United States,USA,1996,,0.68
"Venezuela, RB",VEN,2015,0.09,0.31
"Venezuela, RB",VEN,2014,0.09,0.29
"Venezuela, RB",VEN,2013,0.17,0.30
"Venezuela, RB",VEN,2012,0.19,0.29
"Venezuela, RB",VEN,2011,0.25,0.31
"Venezuela, RB",VEN,2010,0.21,0.28
"Venezuela, RB",VEN,2009,0.24,0.35
"Venezuela, RB",VEN,2008,0.16,0.27
"Venezuela, RB",VEN,2007,0.18,0.26
"Venezuela, RB",VEN,2006,0.22,0.20
"Venezuela, RB",VEN,2005,0.16,0.26
"Venezuela, RB",VEN,2004,0.24,0.27
"Venezuela, RB",VEN,2003,0.21,0.24
"Venezuela, RB",VEN,2002,0.21,0.19
"Venezuela, RB",VEN,2002,0.27,0.27
"Venezuela, RB",VEN,1998,,0.30
"Venezuela, RB",VEN,1996,,0.32
Vietnam,VNM,2015,0.47,0.44
Vietnam,VNM,2014,0.42,0.42
Vietnam,VNM,2013,0.44,0.41
Vietnam,VNM,2012,0.47,0.40
Vietnam,VNM,2011,0.43,0.39
Vietnam,VNM,2010,0.50,0.37
Vietnam,VNM,2009,0.50,0.38
Vietnam,VNM,2008,0.50,0.31
Vietnam,VNM,2007,0.50,0.30
Vietnam,VNM,2006,0.43,0.30
Vietnam,VNM,2005,0.41,0.33
Vietnam,VNM,2004,0.42,0.31
Vietnam,VNM,2003,0.46,0.34
Vietnam,VNM,2002,0.41,0.31
Vietnam,VNM,2002,0.33,0.29
Vietnam,VNM,1998,,0.49
Vietnam,VNM,1996,,0.40
"Yemen, Rep.",YEM,2015,#N/A,#N/A
"Yemen, Rep.",YEM,2014,0.36,0.19
"Yemen, Rep.",YEM,2013,0.37,0.23
"Yemen, Rep.",YEM,2012,0.40,0.22
"Yemen, Rep.",YEM,2011,0.29,0.22
"Yemen, Rep.",YEM,2010,#N/A,#N/A
"Yemen, Rep.",YEM,2009,#N/A,#N/A
"Yemen, Rep.",YEM,2008,#N/A,#N/A
"Yemen, Rep.",YEM,2007,#N/A,#N/A
"Yemen, Rep.",YEM,2006,#N/A,#N/A
"Yemen, Rep.",YEM,2005,#N/A,#N/A
"Yemen, Rep.",YEM,2004,#N/A,#N/A
"Yemen, Rep.",YEM,2003,#N/A,#N/A
"Yemen, Rep.",YEM,2002,#N/A,#N/A
"Yemen, Rep.",YEM,2002,#N/A,#N/A
"Yemen, Rep.",YEM,1998,,#N/A
"Yemen, Rep.",YEM,1996,,#N/A
South Africa,ZAF,2015,0.56,0.40
South Africa,ZAF,2014,0.56,0.41
South Africa,ZAF,2013,0.55,0.41
South Africa,ZAF,2012,0.57,0.40
South Africa,ZAF,2011,0.55,0.41
South Africa,ZAF,2010,0.58,0.40
South Africa,ZAF,2009,0.59,0.45
South Africa,ZAF,2008,0.60,0.44
South Africa,ZAF,2007,0.62,0.43
South Africa,ZAF,2006,0.68,0.44
South Africa,ZAF,2005,0.60,0.53
South Africa,ZAF,2004,0.66,0.56
South Africa,ZAF,2003,0.60,0.54
South Africa,ZAF,2002,0.56,0.52
South Africa,ZAF,2002,0.35,0.52
South Africa,ZAF,1998,,0.40
South Africa,ZAF,1996,,0.41
Zambia,ZMB,2015,0.53,0.38
Zambia,ZMB,2014,0.52,0.46
Zambia,ZMB,2013,0.54,0.46
Zambia,ZMB,2012,0.55,0.45
Zambia,ZMB,2011,0.49,0.42
Zambia,ZMB,2010,0.48,0.39
Zambia,ZMB,2009,0.51,0.36
Zambia,ZMB,2008,0.48,0.28
Zambia,ZMB,2007,0.49,0.32
Zambia,ZMB,2006,0.45,0.20
Zambia,ZMB,2005,#N/A,#N/A
Zambia,ZMB,2004,0.50,0.26
Zambia,ZMB,2003,0.50,0.20
Zambia,ZMB,2002,#N/A,#N/A
Zambia,ZMB,2002,#N/A,#N/A
Zambia,ZMB,1998,,#N/A
Zambia,ZMB,1996,,#N/A
Zimbabwe,ZWE,2015,0.38,0.47
Zimbabwe,ZWE,2014,0.35,0.44
Zimbabwe,ZWE,2013,0.37,0.46
Zimbabwe,ZWE,2012,0.39,0.40
Zimbabwe,ZWE,2011,0.36,0.45
Zimbabwe,ZWE,2010,0.37,0.39
Zimbabwe,ZWE,2009,0.30,0.33
Zimbabwe,ZWE,2008,0.25,0.42
Zimbabwe,ZWE,2007,0.23,0.47
Zimbabwe,ZWE,2006,0.25,0.30
Zimbabwe,ZWE,2005,0.18,0.31
Zimbabwe,ZWE,2004,0.24,0.35
Zimbabwe,ZWE,2003,0.22,0.31
Zimbabwe,ZWE,2002,0.19,0.40
Zimbabwe,ZWE,2002,0.17,0.38
Zimbabwe,ZWE,1998,,0.46
Zimbabwe,ZWE,1996,,0.51
